Location,MinTemp,MaxTemp,Rainfall,WindGustSpeed,WindSpeed9am,WindSpeed3pm,Humidity9am,Humidity3pm,Pressure9am,Pressure3pm,Temp9am,Temp3pm
Adelaide,7.95,17.465,0.95,36.05,10.3,14.85,57.8,45.65,1027.635,1025.565,12.809999999999999,16.35
Adelaide,9.184999999999999,19.104999999999997,1.5,36.85,11.3,16.65,63.4,50.15,1021.14,1019.075,14.044999999999998,17.705000000000002
Adelaide,10.455,21.415,0.5599999999999999,37.85,13.75,16.45,51.0,39.1,1022.0049999999999,1018.8950000000001,16.235,20.335
Adelaide,11.07,20.669999999999998,2.9799999999999995,34.25,10.7,14.75,66.15,48.95,1019.9350000000001,1017.735,15.540000000000001,19.835
Adelaide,10.934999999999999,18.565,2.56,38.3,11.8,16.65,73.05,55.6,1019.805,1017.7700000000001,14.209999999999999,17.73
Adelaide,10.955,17.65,4.4,37.55,11.55,14.3,78.55,64.05,1019.65,1017.95,13.95,16.615000000000002
Adelaide,17.41,31.365,0.0,38.8,10.0,17.35,46.0,31.05,1018.6450000000001,1016.71,22.43,29.49
Adelaide,14.605,25.689999999999998,1.31,42.15,12.65,17.4,53.25,38.75,1016.615,1014.9,18.845,24.384999999999998
Adelaide,16.1,27.060000000000002,0.08,37.6,10.45,17.25,53.25,37.1,1016.1899999999999,1015.1,20.055,25.665
Adelaide,14.485,26.810000000000002,0.45,36.2,11.45,17.45,48.2,35.0,1016.5049999999999,1014.6450000000001,19.98,25.475
Adelaide,16.435,26.945,1.7400000000000002,38.85,11.4,15.55,61.15,49.1,1014.365,1012.675,20.465,25.075
Adelaide,15.594999999999999,28.65,0.2,37.85,10.45,17.2,52.6,37.35,1013.3549999999999,1011.7950000000001,21.35,27.105
Adelaide,8.705,16.355,3.44,39.35,11.75,16.45,72.9,58.75,1020.5,1018.6450000000001,11.805,15.25
Adelaide,11.59,19.259999999999998,1.0799999999999998,41.45,14.7,17.75,64.7,58.35,1019.72,1017.39,15.190000000000001,17.8
Adelaide,9.855,17.855,3.3200000000000003,42.6,15.55,18.55,72.1,60.75,1016.18,1014.76,13.459999999999999,16.45
Adelaide,13.95,23.505000000000003,2.37,38.8,10.95,17.1,61.6,44.25,1018.8149999999999,1017.265,17.175,22.205000000000002
Adelaide,13.305000000000001,22.27,0.5599999999999999,35.15,12.05,14.75,65.2,47.35,1018.805,1016.865,16.34,21.33
Adelaide,12.225,19.07,2.82,35.55,10.65,14.85,70.0,54.4,1020.1200000000001,1017.96,15.194999999999999,18.134999999999998
Adelaide,19.345,34.67,0.0,40.85,11.45,17.0,37.5,22.25,1013.51,1011.475,25.044999999999998,33.0
Adelaide,16.27,28.064999999999998,1.4,36.45,9.6,15.3,55.55,35.8,1017.3549999999999,1015.375,20.625,26.755000000000003
Adelaide,15.309999999999999,25.044999999999998,1.07,41.8,11.55,18.15,60.4,44.5,1016.11,1015.425,18.990000000000002,23.31
Adelaide,12.57,23.555,0.7,43.3,14.15,20.4,50.3,34.8,1018.71,1017.1049999999999,17.09,22.34
Adelaide,13.205000000000002,23.78,0.52,45.25,13.8,19.3,57.0,43.95,1014.4,1013.075,17.794999999999998,21.865000000000002
Adelaide,12.545,22.98,1.33,40.3,12.6,15.7,53.35,41.0,1016.97,1015.1700000000001,16.94,21.695
Adelaide,9.885,19.119999999999997,4.96,39.1,12.55,15.2,62.55,56.3,1013.835,1012.46,14.209999999999999,17.14
Adelaide,10.385,20.47,1.26,35.6,11.15,16.8,58.55,46.7,1017.43,1015.4549999999999,15.35,19.18
Adelaide,11.125,21.435000000000002,1.48,37.6,12.65,16.35,55.5,41.75,1017.6,1016.225,15.675,20.035
Adelaide,8.75,15.184999999999999,3.09,36.8,9.8,14.6,76.9,64.5,1016.5450000000001,1014.775,11.465,14.184999999999999
Adelaide,9.25,17.03,3.16,35.7,9.85,13.15,69.4,58.25,1017.3,1015.4100000000001,12.985,15.959999999999999
Adelaide,8.6,16.305,3.08,38.25,9.0,14.35,69.95,56.55,1020.635,1018.96,12.629999999999999,15.325
Adelaide,14.815000000000001,24.169999999999998,1.02,31.4,8.45,12.85,58.45,46.4,1020.2549999999999,1018.0350000000001,18.945,22.89
Adelaide,12.24,22.365000000000002,2.19,29.8,6.4,12.2,67.8,49.25,1022.775,1021.15,15.955000000000002,21.259999999999998
Adelaide,10.24,19.854999999999997,0.29000000000000004,26.75,6.9,10.9,64.8,46.55,1023.9350000000001,1021.22,14.66,18.97
Adelaide,15.330000000000002,29.095,0.8099999999999999,36.75,11.4,14.6,44.85,33.75,1014.93,1013.11,21.6,27.485000000000003
Adelaide,14.4,26.075,0.61,34.9,9.0,15.05,55.65,42.5,1014.7299999999999,1013.0600000000001,19.175,24.435
Adelaide,17.65,30.494999999999997,1.0,35.6,5.75,12.4,54.3,36.25,1014.1450000000001,1011.975,22.375,29.23
Adelaide,9.765,19.14,1.67,31.65,9.5,12.25,58.7,49.25,1021.6600000000001,1019.385,14.794999999999998,18.035
Adelaide,11.105,19.130000000000003,0.8799999999999999,31.65,9.2,12.5,68.4,53.1,1022.885,1021.11,14.2,17.94
Adelaide,11.215,24.29,1.3299999999999998,36.2,9.6,14.5,40.7,33.15,1026.365,1024.1200000000001,18.685,23.330000000000002
Adelaide,10.39,18.04,3.08,32.35,8.85,14.0,73.4,60.95,1021.97,1020.3799999999999,13.305000000000001,16.895
Adelaide,7.955,16.865000000000002,1.59,32.9,8.15,12.0,71.0,52.3,1024.105,1022.085,11.995000000000001,15.805000000000001
Adelaide,7.9,15.65,2.24,28.95,7.1,10.9,75.4,59.05,1024.1200000000001,1021.9350000000001,10.955,14.8
Adelaide,16.085,27.25,1.1400000000000001,27.75,6.85,12.85,60.65,40.9,1019.015,1017.15,19.6,25.85
Adelaide,14.885,26.205000000000002,0.57,35.4,8.2,12.45,61.25,41.85,1017.725,1015.735,18.580000000000002,24.985
Adelaide,13.535,24.25,0.38,33.6,9.45,11.95,58.25,45.05,1019.1,1016.43,18.630000000000003,22.82
Adelaide,17.375,31.395,0.4,36.05,9.85,14.55,42.9,29.85,1015.49,1014.055,24.044999999999998,29.735000000000003
Adelaide,15.55,27.214999999999996,1.52,34.6,8.0,13.75,55.9,39.45,1015.21,1013.5350000000001,20.155,25.45
Adelaide,18.695,32.415,0.44000000000000006,35.35,7.55,13.7,42.95,28.95,1015.86,1013.6600000000001,24.43,30.82
Adelaide,16.715,29.595,0.12,39.35,10.95,19.05,45.95,29.25,1015.9100000000001,1014.025,21.445,27.78
Adelaide,17.4,30.435000000000002,0.52,38.1,10.45,17.15,42.35,29.35,1015.7049999999999,1013.6450000000001,22.744999999999997,28.860000000000003
Adelaide,18.7,31.905,0.25,35.9,8.95,14.85,46.35,31.6,1016.15,1014.345,23.505000000000003,29.98
Adelaide,10.765,19.580000000000002,2.4899999999999998,40.85,13.4,17.7,62.25,50.15,1015.55,1013.835,14.680000000000001,17.740000000000002
Adelaide,12.275,21.475,2.5,39.15,14.05,18.6,58.45,43.9,1017.7450000000001,1016.15,16.645,20.294999999999998
Adelaide,16.02,30.47,0.03,38.35,10.3,15.8,41.6,29.15,1018.3950000000001,1016.075,22.78,28.71
Adelaide,10.23,18.07,3.46,44.9,13.8,19.6,65.25,51.2,1017.6049999999999,1016.195,13.475,17.0
Adelaide,9.415,16.815,3.2299999999999995,41.0,11.0,16.4,70.0,57.95,1020.6049999999999,1019.085,12.45,15.0
Adelaide,9.645,16.91,3.08,40.15,13.25,19.25,65.55,55.1,1019.49,1017.885,13.430000000000001,15.7
Adelaide,12.8,22.19,1.1400000000000001,34.5,11.1,16.25,66.0,48.95,1019.76,1017.3299999999999,17.080000000000002,20.85
Adelaide,12.925,22.43,1.6600000000000001,35.3,9.15,15.2,68.9,47.05,1022.635,1020.195,15.55,21.22
Adelaide,8.655,18.35,1.09,33.7,8.3,14.95,67.1,48.0,1021.89,1019.4649999999999,13.285,17.509999999999998
Adelaide,12.285,23.035,1.04,42.25,11.9,18.7,55.05,37.7,1013.4649999999999,1011.075,16.869999999999997,21.785
Adelaide,14.01,26.410000000000004,0.30999999999999994,39.1,12.35,17.45,52.55,32.25,1016.2700000000001,1014.2700000000001,18.725,24.825
Adelaide,15.834999999999999,27.205000000000002,1.36,38.8,12.95,17.25,46.95,31.7,1013.39,1011.865,20.175,25.869999999999997
Adelaide,8.105,17.52,1.85,36.75,10.1,14.95,69.4,52.5,1024.3200000000002,1022.3100000000001,12.05,16.244999999999997
Albury,18.59,35.214999999999996,0.36,46.85,12.4,17.15,43.1,19.2,1012.5200000000001,1009.61,24.31,33.775
Albury,13.684999999999999,28.975,0.21000000000000002,37.8,12.5,17.55,48.4,23.35,1014.97,1011.875,18.97,27.345
Albury,14.145,28.639999999999997,0.6599999999999999,42.55,7.3,16.4,62.75,33.95,1015.765,1013.2149999999999,18.130000000000003,26.794999999999998
Albury,14.040000000000001,30.575,0.5399999999999999,34.75,10.45,14.95,53.15,29.35,1014.7700000000001,1012.15,20.05,28.775
Albury,16.56,34.410000000000004,0.8400000000000001,43.6,11.65,16.6,49.2,26.7,1012.2549999999999,1009.155,23.735,32.4
Albury,11.3,25.515,1.37,37.55,10.75,16.6,65.0,40.7,1012.0450000000001,1009.275,16.955000000000002,23.865000000000002
Albury,10.415000000000001,24.905,2.2,32.2,9.15,14.85,65.4,40.25,1018.125,1015.625,16.66,23.54
Albury,6.45,18.155,2.19,36.75,10.4,15.65,75.8,56.15,1014.8799999999999,1012.725,11.03,16.3
Albury,6.83,20.56,1.5100000000000002,38.2,10.5,17.05,71.95,42.25,1016.775,1014.0450000000001,12.045,19.59
Albury,13.915000000000001,30.035000000000004,0.20999999999999996,36.6,9.9,14.95,57.8,34.05,1016.6600000000001,1013.5450000000001,20.06,28.47
Albury,8.395,20.785,2.27,27.3,6.5,13.5,75.3,51.05,1019.135,1015.945,13.165000000000001,20.035
Albury,6.220000000000001,17.215,2.45,28.65,8.5,11.8,77.7,55.2,1020.7700000000001,1017.7950000000001,10.55,16.605
Albury,4.945,14.395,2.16,30.25,10.35,14.6,88.6,65.0,1019.6899999999999,1018.0350000000001,8.655,13.555000000000001
Albury,8.565000000000001,18.28,2.3600000000000003,40.05,11.0,15.6,77.65,58.4,1011.885,1009.385,12.015,17.315
Albury,17.03,33.335,3.05,35.8,11.15,14.95,54.6,28.25,1012.9399999999999,1010.165,22.39,31.375
Albury,15.719999999999999,32.71,0.02,35.5,9.3,14.75,55.8,30.4,1016.3700000000001,1013.1899999999999,22.195,30.82
Albury,15.094999999999999,31.660000000000004,0.38,39.25,12.35,16.2,49.0,23.95,1013.7299999999999,1010.905,21.43,29.910000000000004
Albury,8.91,17.815,1.9,30.95,9.6,14.85,85.3,64.55,1017.5649999999999,1015.3549999999999,12.23,16.634999999999998
Albury,4.6850000000000005,13.309999999999999,3.7399999999999998,30.85,10.15,14.5,90.25,71.85,1020.905,1018.99,7.5200000000000005,12.305
Albury,11.334999999999999,22.305,3.3299999999999996,24.85,6.25,11.05,84.1,61.1,1020.415,1017.7549999999999,15.325,21.02
Albury,7.925,18.865000000000002,2.19,33.0,9.35,14.55,83.5,59.15,1018.4950000000001,1016.18,12.01,17.765
Albury,5.375,15.544999999999998,6.7299999999999995,29.0,10.15,13.05,88.4,62.9,1021.625,1019.585,9.18,14.709999999999999
Albury,9.03,23.345,0.63,29.45,6.9,13.8,74.45,43.4,1021.8700000000001,1018.7049999999999,13.64,22.04
Albury,9.74,22.990000000000002,1.1800000000000002,33.6,6.65,14.9,76.15,48.25,1019.46,1016.7149999999999,15.030000000000001,21.744999999999997
Albury,6.654999999999999,21.169999999999998,0.41,37.7,10.3,18.45,70.3,43.2,1018.135,1015.4649999999999,12.690000000000001,19.654999999999998
Albury,8.865,23.380000000000003,1.02,39.65,12.35,17.5,65.1,39.85,1016.3399999999999,1014.1,15.059999999999999,21.645000000000003
Albury,6.465000000000001,17.365000000000002,2.05,34.0,11.45,16.3,83.85,57.55,1017.865,1015.6049999999999,10.78,16.255000000000003
Albury,9.595,21.025,2.37,36.65,10.5,16.7,74.95,54.2,1015.3299999999999,1012.28,14.02,19.55
Albury,8.595,21.695,2.8,34.65,10.1,14.15,72.45,49.75,1018.235,1015.585,13.830000000000002,20.34
Albury,13.115,26.195,2.71,40.3,11.25,14.4,66.7,43.35,1015.8799999999999,1013.115,18.580000000000002,24.555
Albury,12.475,25.755000000000003,1.11,36.65,13.65,13.25,64.0,41.15,1016.65,1013.9350000000001,17.97,24.16
Albury,4.345000000000001,15.025,1.8800000000000001,38.05,9.25,15.35,88.9,62.15,1018.8399999999999,1016.45,7.8950000000000005,14.155000000000001
Albury,4.95,15.13,2.7600000000000002,31.7,11.45,16.65,86.05,61.15,1019.6450000000001,1017.4,8.73,14.12
Albury,3.7049999999999996,15.725,3.34,26.85,7.6,12.9,84.55,59.2,1023.9350000000001,1021.8700000000001,8.459999999999999,14.930000000000001
Albury,5.345,16.57,2.7199999999999998,27.15,7.75,13.55,83.05,61.45,1020.165,1017.985,9.895,15.59
Albury,3.6049999999999995,14.77,2.66,26.5,7.5,11.5,92.4,64.45,1021.5050000000001,1019.24,7.435,13.719999999999999
Albury,5.6,17.215,1.46,36.5,11.95,19.15,80.4,52.95,1019.2950000000001,1017.325,10.72,16.195
Albury,5.015,14.775,2.57,40.25,14.15,16.75,86.0,61.65,1016.9350000000001,1015.2049999999999,8.6,13.444999999999999
Albury,16.03,30.98,1.59,35.9,12.1,12.6,60.65,34.35,1011.975,1008.6,21.29,29.314999999999998
Albury,13.74,28.485000000000003,0.39999999999999997,32.4,9.65,14.3,64.15,39.15,1018.6850000000001,1015.585,19.490000000000002,26.99
Albury,12.42,23.785,7.87,36.35,7.15,13.75,81.5,58.0,1016.0899999999999,1013.6899999999999,16.169999999999998,22.355
Albury,9.595,20.7,2.79,31.55,8.75,12.95,81.7,53.8,1016.0899999999999,1014.385,13.015,19.6
Albury,8.309999999999999,20.919999999999998,0.38,24.0,6.7,10.4,83.45,52.25,1021.8299999999999,1018.7149999999999,12.88,20.345
Albury,4.785,14.36,3.6100000000000003,39.35,12.15,18.4,89.35,63.15,1017.74,1015.135,8.24,13.4
Albury,5.1850000000000005,15.209999999999999,2.6799999999999997,32.45,8.75,13.8,86.55,63.8,1020.765,1018.1850000000001,8.34,14.23
Albury,18.085,34.175,0.43,40.05,11.1,17.1,49.35,27.7,1013.9549999999999,1010.915,24.39,32.17
Albury,13.684999999999999,31.955000000000002,0.2,42.0,6.65,18.9,57.5,23.5,1016.2850000000001,1013.15,19.45,30.214999999999996
Albury,16.395,31.014999999999997,6.24,38.65,8.85,14.65,60.2,33.2,1016.6600000000001,1013.635,20.68,29.415
Albury,16.565,27.764999999999997,1.7899999999999998,35.15,11.25,13.4,67.55,47.7,1012.335,1010.345,20.445,26.185000000000002
Albury,14.38,26.8,2.1,43.15,12.4,18.9,66.75,38.3,1009.275,1007.1049999999999,19.009999999999998,25.575
Albury,14.370000000000001,27.145,1.05,29.35,8.95,13.65,73.7,44.4,1015.235,1013.235,17.9,26.005000000000003
Albury,15.12,26.82,13.959999999999999,33.5,10.2,14.6,74.35,55.1,1016.9799999999999,1015.1850000000001,18.869999999999997,25.11
Albury,5.46,17.419999999999998,1.28,36.65,9.75,16.75,78.5,55.85,1021.525,1018.7299999999999,10.785,16.7
Albury,9.83,21.175,4.51,33.15,11.85,12.1,76.0,55.75,1019.6200000000001,1016.7,14.63,19.93
Albury,11.129999999999999,21.634999999999998,6.2299999999999995,35.95,10.75,16.1,75.0,53.8,1015.8799999999999,1013.57,15.36,20.665
Albury,6.56,14.515,7.209999999999999,36.6,13.05,15.8,84.55,70.6,1016.905,1015.165,9.92,13.584999999999999
Albury,6.76,14.14,3.91,31.85,11.15,15.2,89.15,70.05,1018.6899999999999,1016.97,9.504999999999999,13.38
Albury,8.360000000000001,16.29,4.5200000000000005,32.15,10.75,16.95,86.1,66.25,1014.97,1012.615,11.709999999999999,15.35
Albury,4.46,15.544999999999998,4.1899999999999995,30.25,7.85,15.5,89.25,60.1,1019.175,1017.025,8.875,14.680000000000001
Albury,14.285,28.9,0.53,34.95,9.05,15.3,61.4,37.35,1016.28,1013.635,19.565,27.325
Albury,16.005000000000003,30.544999999999998,3.4099999999999993,39.35,12.8,15.1,62.3,38.1,1013.4549999999999,1010.71,20.79,28.25
Albury,11.584999999999999,23.4,4.49,34.9,9.95,16.5,74.95,45.85,1017.6,1014.825,15.919999999999998,22.16
Albury,14.99,31.014999999999997,0.89,33.35,7.65,12.45,60.6,30.6,1019.4100000000001,1016.5450000000001,20.28,29.625
Albury,14.64,29.8,0.5800000000000001,34.6,9.7,15.35,62.9,34.15,1017.2450000000001,1014.305,19.43,28.23
AliceSprings,11.76,28.685000000000002,0.4,46.35,16.2,21.25,24.15,15.95,1018.7,1014.9950000000001,20.405,27.689999999999998
AliceSprings,8.584999999999999,22.815,0.09,36.95,13.35,17.55,42.85,26.45,1019.8149999999999,1016.3799999999999,15.35,21.919999999999998
AliceSprings,10.75,25.035,0.13,39.9,13.1,18.95,43.75,24.05,1018.305,1014.6899999999999,16.965,24.115000000000002
AliceSprings,19.56,36.735,0.02,49.75,21.15,21.6,18.95,9.45,1011.7149999999999,1007.675,29.82,35.625
AliceSprings,15.655000000000001,29.415,0.5700000000000001,46.2,24.85,22.1,26.65,16.3,1016.735,1013.07,22.595,28.409999999999997
AliceSprings,14.430000000000001,31.24,0.62,42.7,19.75,16.0,24.9,14.5,1017.725,1013.3700000000001,24.035,30.29
AliceSprings,22.115000000000002,35.980000000000004,0.9099999999999999,52.45,19.1,27.6,33.3,21.8,1009.07,1005.445,29.044999999999998,34.61
AliceSprings,19.82,35.445,0.33999999999999997,48.2,17.05,18.7,32.65,24.3,1009.5799999999999,1005.8799999999999,28.72,33.775
AliceSprings,19.365000000000002,34.325,1.19,42.4,19.65,19.2,33.6,20.7,1010.3399999999999,1006.6700000000001,26.895,33.339999999999996
AliceSprings,10.24,25.845,0.0,42.35,13.25,19.75,34.5,18.9,1020.3700000000001,1016.68,17.79,25.035
AliceSprings,15.684999999999999,29.98,0.03,38.6,17.3,17.55,37.4,18.3,1016.15,1011.7950000000001,21.794999999999998,28.964999999999996
AliceSprings,19.07,33.83,0.43,42.6,17.2,18.0,29.25,20.2,1014.735,1010.3149999999999,26.145,32.760000000000005
AliceSprings,11.415000000000001,23.175,2.37,41.05,16.5,18.1,63.0,47.2,1019.3399999999999,1015.9100000000001,17.165,22.169999999999998
AliceSprings,8.065000000000001,21.775,1.3800000000000001,40.15,16.8,19.45,61.15,37.45,1021.3,1017.3399999999999,14.55,21.175
AliceSprings,6.385,20.73,0.64,36.75,12.85,19.2,60.75,34.8,1020.3549999999999,1016.54,12.934999999999999,19.96
AliceSprings,19.565,34.38,4.01,46.95,20.15,15.3,42.3,29.2,1007.675,1003.7850000000001,27.22,33.114999999999995
AliceSprings,15.74,30.73,2.25,40.7,17.7,19.8,45.1,31.8,1010.7450000000001,1007.3299999999999,24.44,29.464999999999996
AliceSprings,14.709999999999999,30.089999999999996,1.6900000000000002,44.6,17.0,19.8,43.3,29.45,1013.9549999999999,1010.35,23.634999999999998,28.79
AliceSprings,20.34,32.32,8.4,45.55,14.8,19.0,52.9,40.15,1011.6200000000001,1008.275,25.925,30.6
AliceSprings,19.525,32.185,2.8600000000000003,46.7,18.75,22.05,41.4,30.55,1011.9399999999999,1008.415,25.595,31.27
AliceSprings,20.455000000000002,35.475,0.27999999999999997,42.6,16.55,19.35,34.95,21.3,1009.9100000000001,1006.425,28.439999999999998,34.455
AliceSprings,5.779999999999999,19.825,0.49000000000000005,34.3,10.2,18.7,63.6,36.05,1022.32,1018.9399999999999,12.545,19.32
AliceSprings,11.620000000000001,22.765,2.35,35.1,13.45,17.5,57.8,43.7,1018.7450000000001,1015.6600000000001,16.71,22.07
AliceSprings,12.635,27.905,1.2,36.5,10.75,15.7,56.2,31.1,1018.01,1013.985,19.56,27.244999999999997
AliceSprings,7.555,22.895,0.0,31.85,9.25,15.3,57.85,33.6,1022.75,1019.22,14.075,21.925
AliceSprings,5.275,19.825,0.0,35.2,11.8,18.2,49.55,30.45,1025.96,1022.625,11.945,18.805
AliceSprings,12.379999999999999,29.425,0.0,38.95,15.4,19.15,36.7,18.65,1019.4950000000001,1015.4100000000001,20.66,28.335
AliceSprings,9.575,26.57,0.0,38.9,15.45,19.6,33.7,18.2,1020.1450000000001,1016.24,18.93,25.639999999999997
AliceSprings,13.094999999999999,29.080000000000002,0.31,38.4,14.35,16.6,35.75,23.85,1018.72,1014.8149999999999,22.09,27.610000000000003
AliceSprings,18.89,37.285000000000004,0.03,43.7,18.05,16.15,19.1,12.5,1014.2149999999999,1010.0049999999999,29.885,35.845
AliceSprings,16.895,33.78,0.06999999999999999,45.2,21.35,18.6,16.8,11.95,1016.4350000000001,1012.18,25.639999999999997,32.035000000000004
AliceSprings,8.555,24.79,0.02,36.6,16.65,16.95,34.05,20.15,1022.7,1018.675,16.555,23.77
AliceSprings,9.309999999999999,28.809999999999995,0.0,40.75,17.4,18.3,18.55,11.3,1021.8399999999999,1017.475,21.19,27.645
AliceSprings,7.75,27.35,0.0,38.9,15.0,18.45,26.35,13.8,1021.6600000000001,1017.2549999999999,18.369999999999997,26.25
AliceSprings,13.830000000000002,33.38,0.0,43.45,23.5,17.95,13.35,8.45,1017.47,1013.0,25.95,32.010000000000005
AliceSprings,3.715,21.669999999999998,0.12,35.45,12.05,15.45,40.0,22.8,1022.3299999999999,1018.4950000000001,12.88,20.675
AliceSprings,3.6700000000000004,18.825,1.19,38.65,12.1,19.85,48.2,28.3,1026.6100000000001,1023.015,10.52,17.89
AliceSprings,14.425,29.830000000000002,0.22999999999999998,38.85,14.25,19.55,36.5,23.15,1015.5350000000001,1012.1700000000001,22.415,28.22
AliceSprings,20.985,32.495,6.859999999999999,38.15,18.0,18.55,50.6,38.75,1007.6049999999999,1004.4350000000001,26.01,31.21
AliceSprings,19.509999999999998,35.809999999999995,0.05,42.6,17.2,17.55,28.1,20.0,1011.0649999999999,1007.46,29.085,34.425
AliceSprings,19.52,36.935,0.6,45.45,18.6,17.65,24.8,20.3,1012.6200000000001,1008.5649999999999,29.310000000000002,34.6
AliceSprings,22.15,36.42,3.6399999999999997,46.2,16.8,18.65,40.55,26.45,1009.225,1005.7450000000001,28.564999999999998,34.55
AliceSprings,21.669999999999998,35.2,1.98,43.35,19.85,16.55,38.95,26.85,1010.5600000000001,1006.7450000000001,28.360000000000003,33.510000000000005
AliceSprings,23.835,36.04,2.87,41.3,18.35,18.25,57.05,37.0,1006.6299999999999,1003.1200000000001,28.744999999999997,34.660000000000004
AliceSprings,12.77,30.78,0.53,42.15,18.8,18.4,29.9,21.8,1015.385,1010.9950000000001,23.475,29.544999999999998
AliceSprings,16.285,31.97,0.13,46.0,22.15,18.75,25.0,17.6,1013.4950000000001,1009.5799999999999,24.56,30.155
AliceSprings,12.934999999999999,28.564999999999998,0.16999999999999998,41.2,15.45,17.9,37.7,19.75,1017.775,1013.865,20.195,27.225
AliceSprings,7.635,26.419999999999998,0.0,37.95,10.65,18.0,36.4,20.15,1022.2549999999999,1018.3799999999999,16.97,25.375
AliceSprings,9.615,28.32,0.0,39.65,11.95,17.3,36.55,21.0,1019.8100000000001,1015.93,19.02,27.29
AliceSprings,17.18,35.25,0.12,40.1,16.45,17.7,29.6,20.9,1013.475,1009.3700000000001,26.475,33.775
AliceSprings,17.8,35.57,0.9800000000000001,40.6,13.45,18.4,26.55,15.65,1012.9399999999999,1009.05,26.725,34.37
AliceSprings,22.2,36.765,0.39,44.0,15.2,17.7,43.35,27.05,1012.325,1008.4799999999999,29.360000000000003,35.015
AliceSprings,15.580000000000002,32.53,0.20999999999999996,38.15,15.55,16.95,37.3,22.2,1017.71,1013.6450000000001,23.835,31.025
AliceSprings,18.825,32.885000000000005,3.25,42.15,15.75,17.5,39.2,30.85,1012.885,1009.665,25.955000000000002,31.47
AliceSprings,20.905,36.315,0.08,44.35,15.95,20.8,32.4,21.9,1009.725,1006.18,29.24,34.455
AliceSprings,12.665000000000001,27.714999999999996,1.7100000000000002,38.35,16.8,17.8,45.35,26.1,1018.265,1014.57,20.025,26.564999999999998
AliceSprings,7.315,23.345,0.13999999999999999,37.8,14.15,17.65,43.05,23.9,1021.53,1017.695,14.895,22.19
AliceSprings,8.940000000000001,22.48,1.1,37.9,13.2,17.15,60.6,41.1,1018.675,1015.18,15.255,20.880000000000003
AliceSprings,9.655,24.794999999999998,1.86,32.8,9.4,14.75,61.75,35.8,1019.6049999999999,1016.22,16.225,23.515
AliceSprings,8.14,20.919999999999998,1.19,36.95,13.15,20.1,67.15,42.75,1020.7850000000001,1017.74,13.775,19.91
AliceSprings,18.335,31.830000000000002,4.1899999999999995,41.7,19.45,18.35,54.65,37.65,1010.6700000000001,1006.9649999999999,24.619999999999997,30.5
AliceSprings,14.819999999999999,30.85,0.9400000000000001,38.85,14.9,18.0,42.45,28.4,1016.2950000000001,1012.5350000000001,23.405,29.619999999999997
AliceSprings,19.8,38.095,1.3900000000000001,47.55,17.65,18.35,30.35,18.95,1009.9200000000001,1005.915,30.115,36.035000000000004
AliceSprings,17.23,34.915,0.039999999999999994,48.3,19.85,18.7,25.8,18.25,1008.2,1004.7450000000001,26.994999999999997,32.67
BadgerysCreek,9.434999999999999,20.625,0.85,27.7,9.55,10.5,84.7,61.55,1022.71,1020.26,13.725,19.134999999999998
BadgerysCreek,11.51,25.025,0.06999999999999999,32.35,7.45,14.6,69.4,47.3,1017.3799999999999,1014.635,18.015,23.79
BadgerysCreek,10.35,20.759999999999998,5.85,29.05,8.05,10.75,86.7,62.3,1021.51,1019.43,14.184999999999999,19.259999999999998
BadgerysCreek,16.265,27.830000000000002,1.1199999999999999,30.0,6.3,13.1,78.4,51.7,1016.26,1013.7950000000001,20.455000000000002,26.514999999999997
BadgerysCreek,12.155,22.685,9.8,34.5,10.35,14.4,84.55,62.6,1020.075,1017.5799999999999,16.285,20.84
BadgerysCreek,15.745,27.564999999999998,2.13,29.1,7.05,11.2,82.05,50.5,1019.43,1016.415,19.490000000000002,26.135
BadgerysCreek,11.42,27.3,0.01,29.9,3.9,14.05,79.9,42.45,1019.75,1016.665,17.695,26.115
BadgerysCreek,12.105,27.119999999999997,0.2,29.95,5.8,13.1,77.75,47.55,1020.2549999999999,1017.05,19.065,25.48
BadgerysCreek,16.14,28.47,0.0,34.85,7.55,13.15,71.35,50.5,1017.055,1014.97,21.685,26.305
BadgerysCreek,17.69,28.435000000000002,1.51,36.45,7.55,12.7,83.95,60.8,1015.0350000000001,1012.7700000000001,21.495,26.880000000000003
BadgerysCreek,8.155,22.505000000000003,2.32,35.15,7.25,13.35,81.55,47.75,1020.4399999999999,1017.195,13.559999999999999,21.125
BadgerysCreek,5.8,18.244999999999997,1.55,42.25,13.3,20.35,66.1,42.9,1017.2149999999999,1014.915,12.14,17.225
BadgerysCreek,5.625,18.375,3.19,33.35,11.85,13.3,76.65,50.6,1025.1550000000002,1022.29,11.155,17.165
BadgerysCreek,15.819999999999999,25.925,5.18,29.5,7.7,10.45,83.2,57.9,1018.39,1015.9200000000001,19.335,24.455
BadgerysCreek,9.205,21.0,1.25,26.1,10.1,10.75,76.9,52.9,1022.47,1020.095,14.485,20.065
BadgerysCreek,13.844999999999999,24.94,1.64,31.15,7.9,12.6,75.3,52.1,1016.6299999999999,1013.6899999999999,18.169999999999998,23.68
BadgerysCreek,16.71,27.45,3.7099999999999995,39.1,8.4,13.0,74.4,52.8,1014.93,1012.36,20.48,25.764999999999997
BadgerysCreek,18.419999999999998,29.425,3.13,35.1,8.0,13.1,76.55,54.05,1013.3950000000001,1010.675,22.46,27.74
BadgerysCreek,9.86,23.575,0.3,31.65,9.55,12.5,63.0,41.15,1020.735,1016.735,16.815,22.515
BadgerysCreek,12.275,26.72,1.9,40.75,8.7,17.95,66.1,43.25,1015.835,1012.8799999999999,18.435,24.95
BadgerysCreek,9.559999999999999,23.11,0.5800000000000001,32.45,10.15,15.85,69.9,47.1,1022.335,1019.5,16.09,21.669999999999998
BadgerysCreek,11.92,22.105,3.3600000000000003,32.75,11.6,15.25,78.8,57.2,1020.61,1018.3549999999999,17.215,20.744999999999997
BadgerysCreek,8.595,18.96,5.07,32.6,11.15,16.1,88.05,65.1,1022.1850000000001,1019.75,13.1,16.755000000000003
BadgerysCreek,14.6,29.27,1.4,39.35,10.2,17.25,68.1,39.95,1016.115,1013.3549999999999,20.11,27.75
BadgerysCreek,13.825,26.305,1.06,31.85,8.2,12.15,84.1,52.2,1021.025,1018.085,18.22,25.11
BadgerysCreek,15.875,27.925,2.0300000000000002,37.6,11.2,17.35,73.6,49.65,1016.1049999999999,1013.555,20.235,26.585
BadgerysCreek,14.2,28.814999999999998,0.39,42.45,9.9,18.85,69.15,44.75,1019.6899999999999,1015.7549999999999,20.07,27.189999999999998
BadgerysCreek,17.419999999999998,28.235000000000003,1.24,36.55,10.3,17.6,71.15,55.5,1016.425,1013.415,21.565,26.15
BadgerysCreek,6.67,22.285,0.02,44.1,13.3,18.65,66.4,39.5,1017.82,1014.4649999999999,13.805000000000001,20.79
BadgerysCreek,6.640000000000001,19.865000000000002,1.3800000000000001,41.55,14.35,20.85,66.9,47.15,1015.7299999999999,1013.0899999999999,13.459999999999999,18.365000000000002
BadgerysCreek,8.995000000000001,24.37,0.77,46.5,11.8,19.8,63.35,44.35,1016.1600000000001,1013.0200000000001,16.66,22.575
BadgerysCreek,8.07,21.505000000000003,0.71,37.05,11.5,16.45,66.7,48.15,1015.5899999999999,1012.8,15.725,20.06
BadgerysCreek,10.925,25.905,0.75,38.45,10.65,17.9,61.7,38.55,1014.3,1011.6850000000001,17.925,24.215
BadgerysCreek,7.3549999999999995,19.395,0.89,33.35,9.95,15.0,75.45,52.0,1017.4399999999999,1014.445,12.684999999999999,17.825
BadgerysCreek,6.25,18.44,6.63,31.25,6.85,13.15,80.55,58.85,1018.68,1015.6450000000001,12.385,17.18
BadgerysCreek,7.455,20.915,0.16999999999999998,34.5,8.6,15.3,79.1,49.4,1019.4649999999999,1016.49,13.77,19.505000000000003
BadgerysCreek,14.485,24.715,5.640000000000001,32.9,8.5,13.1,84.65,66.95,1019.1899999999999,1016.5450000000001,18.725,23.03
BadgerysCreek,8.684999999999999,20.215,2.52,27.65,9.7,10.45,80.15,52.7,1023.2950000000001,1020.925,13.91,19.19
BadgerysCreek,14.969999999999999,28.875,0.8300000000000001,33.15,7.1,11.65,72.25,50.2,1018.22,1015.5899999999999,21.065,26.74
BadgerysCreek,16.46,31.285000000000004,0.5599999999999999,35.55,10.6,13.6,66.2,45.5,1013.615,1010.1700000000001,22.25,28.675
BadgerysCreek,18.29,33.37,2.6100000000000003,34.35,7.65,14.65,79.25,50.45,1015.4,1012.335,23.35,30.794999999999998
BadgerysCreek,4.3,16.494999999999997,0.4800000000000001,35.15,10.75,17.25,77.65,48.95,1018.485,1016.155,9.645,15.225
BadgerysCreek,7.08,20.884999999999998,1.35,37.05,10.2,15.75,77.15,46.55,1018.9350000000001,1015.5,14.030000000000001,19.505000000000003
BadgerysCreek,6.35,19.95,1.4499999999999997,32.3,8.95,15.1,80.0,50.95,1023.18,1020.5649999999999,13.135,18.744999999999997
BadgerysCreek,10.14,20.98,4.59,28.35,11.5,10.75,84.35,61.25,1023.165,1020.9,14.584999999999999,19.505000000000003
BadgerysCreek,6.915000000000001,18.0,2.62,36.35,9.4,17.35,77.05,56.5,1019.725,1017.51,12.23,16.25
BadgerysCreek,14.415000000000001,25.955000000000002,0.8099999999999999,29.9,8.4,13.1,73.0,54.8,1016.0450000000001,1013.22,19.43,24.805
BadgerysCreek,15.785,25.7,5.970000000000001,30.75,7.25,11.6,82.15,65.05,1016.54,1014.8399999999999,19.775,23.630000000000003
BadgerysCreek,14.1,24.794999999999998,5.6899999999999995,30.85,8.1,12.75,82.95,59.05,1017.7549999999999,1015.0600000000001,18.705000000000002,23.425
BadgerysCreek,10.57,21.669999999999998,2.9899999999999998,32.3,7.1,14.4,81.75,54.2,1015.655,1013.345,15.505,20.145
BadgerysCreek,13.834999999999999,25.75,3.2,35.1,8.6,16.15,76.3,54.35,1016.9799999999999,1014.5899999999999,18.740000000000002,23.89
BadgerysCreek,7.745,18.95,3.8,35.15,14.1,14.8,76.0,54.35,1022.885,1021.18,12.43,17.72
BadgerysCreek,7.565,18.68,1.6800000000000002,37.65,13.3,17.3,66.85,51.9,1017.4200000000001,1015.96,13.6,17.035
BadgerysCreek,8.575,19.869999999999997,3.0100000000000002,38.8,14.3,17.4,70.5,49.25,1020.8100000000001,1018.835,13.819999999999999,18.740000000000002
BadgerysCreek,17.035,29.02,3.7,37.3,10.7,15.7,76.3,51.3,1018.635,1016.39,21.43,27.494999999999997
BadgerysCreek,10.254999999999999,24.82,0.11000000000000001,32.0,9.05,13.8,71.9,42.8,1021.0799999999999,1017.975,17.415,23.805
BadgerysCreek,16.515,28.445,0.9400000000000001,36.95,9.3,15.0,77.05,56.5,1015.6850000000001,1013.0899999999999,21.25,26.8
BadgerysCreek,16.31,30.169999999999998,1.19,35.95,8.9,16.7,72.9,44.6,1014.9649999999999,1012.635,21.375,28.845
BadgerysCreek,16.87,27.389999999999997,2.5300000000000002,40.0,10.8,20.3,75.3,60.15,1015.5049999999999,1013.8549999999999,20.515,24.14
BadgerysCreek,10.715,22.9,3.2699999999999996,38.6,10.1,16.3,74.8,56.35,1021.595,1019.165,16.455000000000002,21.155
BadgerysCreek,16.54,27.285000000000004,4.1899999999999995,37.2,7.9,16.75,78.85,62.2,1015.385,1012.5600000000001,21.235,25.285
BadgerysCreek,9.934999999999999,22.130000000000003,5.0600000000000005,40.25,9.15,16.55,72.25,51.0,1015.675,1013.155,15.395,20.755000000000003
BadgerysCreek,5.225,21.134999999999998,0.01,35.15,6.55,14.65,67.75,39.0,1020.1,1017.04,13.025,20.165
BadgerysCreek,7.790000000000001,23.595,1.46,38.6,9.75,18.6,68.4,38.2,1017.68,1014.2549999999999,15.745,22.115000000000002
Ballarat,12.295,27.389999999999997,0.6,44.55,22.05,21.55,63.25,38.1,1012.47,1011.03,18.325,25.285
Ballarat,11.05,27.589999999999996,0.06999999999999999,45.55,21.85,24.55,71.55,35.1,1013.975,1012.1899999999999,16.89,25.8
Ballarat,6.17,18.28,2.02,52.3,24.05,25.75,78.1,55.1,1013.5649999999999,1012.375,11.215,16.505000000000003
Ballarat,8.370000000000001,20.630000000000003,0.42000000000000004,45.65,18.75,20.85,79.6,49.2,1013.985,1012.615,12.355,19.0
Ballarat,7.9399999999999995,18.055,0.9099999999999999,41.45,18.15,22.3,87.5,65.85,1015.6850000000001,1014.1299999999999,11.495000000000001,16.330000000000002
Ballarat,4.04,13.069999999999999,1.5100000000000002,33.2,13.15,18.35,95.7,77.5,1024.34,1023.165,7.984999999999999,11.97
Ballarat,5.01,15.905000000000001,1.86,36.85,14.35,20.0,96.2,67.7,1025.525,1024.1299999999999,9.620000000000001,14.780000000000001
Ballarat,11.790000000000001,25.915,1.34,46.55,20.3,18.75,75.05,39.8,1018.3100000000001,1016.8700000000001,16.55,24.39
Ballarat,7.43,19.855,3.2399999999999998,45.0,17.95,21.35,84.85,54.1,1020.275,1018.585,12.55,18.125
Ballarat,6.815,17.225,2.91,48.35,21.7,24.55,80.45,65.55,1016.585,1015.2049999999999,11.09,15.73
Ballarat,8.53,19.880000000000003,1.1,47.2,21.15,23.05,78.9,56.55,1011.99,1010.8299999999999,12.745000000000001,18.19
Ballarat,7.154999999999999,19.675,1.8399999999999999,50.5,25.7,24.9,75.55,55.45,1013.2850000000001,1012.3799999999999,13.030000000000001,18.055
Ballarat,2.99,10.92,2.12,47.55,21.45,26.05,93.25,81.3,1019.4,1017.2700000000001,6.305,9.4
Ballarat,4.835,14.63,2.34,58.15,28.15,31.75,87.65,60.15,1012.3399999999999,1010.8950000000001,9.334999999999999,13.515
Ballarat,6.175,16.244999999999997,0.76,48.0,22.6,26.8,86.0,67.85,1019.095,1016.945,10.475,14.865
Ballarat,6.975,15.51,1.0699999999999998,42.95,21.3,22.4,83.9,65.35,1017.01,1015.53,11.195,14.3
Ballarat,5.995,13.015,1.1,37.8,18.1,21.1,93.95,80.85,1024.4299999999998,1022.615,8.72,11.885
Ballarat,11.215,23.869999999999997,1.0799999999999998,42.2,19.0,20.8,75.05,49.8,1016.9799999999999,1015.39,15.775,22.48
Ballarat,13.025,28.825,1.42,46.55,20.2,22.35,64.05,33.6,1015.1600000000001,1013.9799999999999,18.585,27.135
Ballarat,9.6,23.205000000000002,0.12,45.85,18.0,21.25,77.15,42.55,1018.4549999999999,1017.0799999999999,13.915000000000001,21.45
Ballarat,5.59,17.3,0.99,46.6,22.35,22.45,82.35,58.5,1018.15,1016.405,10.025,15.725
Ballarat,4.865,15.709999999999999,1.23,48.8,25.45,27.25,76.95,60.15,1018.39,1016.6600000000001,10.11,14.275
Ballarat,7.025,18.97,1.03,46.35,20.4,23.5,74.45,49.5,1017.6850000000001,1016.275,11.97,17.580000000000002
Ballarat,3.17,10.59,3.7299999999999995,44.3,19.75,23.05,92.65,81.0,1020.0049999999999,1018.1700000000001,6.12,9.39
Ballarat,4.505,11.23,1.41,43.4,18.1,25.0,97.3,81.95,1019.9100000000001,1018.0200000000001,6.495,10.004999999999999
Ballarat,3.91,12.65,1.59,41.05,17.4,22.5,91.35,73.75,1022.85,1021.46,7.090000000000001,11.209999999999999
Ballarat,5.595000000000001,16.97,0.9400000000000001,45.4,19.85,24.55,80.75,52.55,1020.8299999999999,1018.825,10.51,15.52
Ballarat,5.04,13.419999999999998,1.06,38.7,18.1,20.25,93.05,71.85,1018.0,1016.68,8.67,12.175
Ballarat,6.635,14.86,0.9099999999999999,43.0,19.85,22.45,92.65,71.25,1023.075,1021.54,10.084999999999999,13.705000000000002
Ballarat,11.64,27.98,1.05,52.65,20.7,21.9,62.1,32.35,1013.4200000000001,1011.835,17.81,26.314999999999998
Ballarat,9.72,22.75,0.4,49.35,20.35,25.5,77.95,48.9,1018.18,1016.57,14.344999999999999,21.175
Ballarat,9.485,21.830000000000002,0.43,42.7,21.2,20.7,73.75,46.5,1019.9,1018.26,14.755,20.375
Ballarat,4.5,15.65,1.09,43.45,22.6,24.25,80.6,59.75,1023.845,1021.615,10.315000000000001,14.515
Ballarat,9.3,21.45,0.65,50.35,23.7,25.6,70.7,51.15,1020.0049999999999,1018.54,13.725,19.875
Ballarat,5.255,14.87,0.8700000000000001,41.2,19.05,22.3,86.2,62.7,1022.1600000000001,1020.845,9.235,13.794999999999998
Ballarat,3.145,10.98,0.7100000000000001,39.5,16.25,20.1,96.85,76.95,1026.26,1024.76,6.305,10.290000000000001
Ballarat,3.02,10.51,1.2,42.9,17.7,24.45,95.6,70.75,1022.165,1020.275,6.0,9.455
Ballarat,10.205,22.75,1.97,51.45,24.25,25.15,79.65,51.35,1018.195,1016.74,14.680000000000001,21.244999999999997
Ballarat,10.93,24.169999999999998,0.35000000000000003,44.8,18.55,22.65,73.8,39.65,1017.04,1015.675,15.48,22.725
Ballarat,9.035,19.97,0.18,38.7,16.2,21.25,82.95,48.3,1021.4649999999999,1019.8799999999999,12.844999999999999,18.634999999999998
Ballarat,11.5,27.934999999999995,0.26,50.55,24.85,24.25,53.55,35.85,1014.32,1012.695,19.195,25.165
Ballarat,10.885,24.32,1.6800000000000002,50.15,25.95,24.9,72.4,40.65,1014.875,1013.53,15.48,22.435
Ballarat,11.705,26.53,0.8400000000000001,48.95,20.7,21.15,64.65,38.65,1017.6899999999999,1015.575,17.44,24.48
Ballarat,6.01,19.85,1.16,44.25,21.65,21.75,82.0,50.3,1018.6200000000001,1017.0450000000001,11.559999999999999,18.09
Ballarat,8.15,22.7,1.25,49.7,20.9,26.8,74.45,43.3,1016.0450000000001,1013.5200000000001,13.975,21.419999999999998
Ballarat,6.685,20.005000000000003,2.4499999999999997,45.2,21.55,22.4,75.6,47.75,1017.375,1016.0899999999999,12.4,18.255000000000003
Ballarat,2.955,9.68,3.1599999999999997,45.0,20.25,24.8,97.65,83.75,1018.18,1017.375,5.38,8.865
Ballarat,2.975,14.005,0.38,41.7,19.55,21.3,85.85,62.5,1023.75,1021.095,8.925,13.165000000000001
Ballarat,6.09,15.8,0.8699999999999999,43.25,18.9,23.35,83.0,61.25,1021.9100000000001,1020.2299999999999,9.975,14.309999999999999
Ballarat,8.67,22.155,1.45,47.5,18.55,24.25,80.4,42.55,1014.86,1013.8549999999999,12.965,20.315
Ballarat,5.970000000000001,15.75,0.6300000000000001,46.7,21.5,24.3,91.55,64.25,1022.35,1020.1600000000001,10.190000000000001,14.215
Ballarat,10.955,22.16,3.9799999999999995,45.95,19.7,22.3,83.3,56.4,1015.53,1013.9950000000001,14.569999999999999,20.259999999999998
Ballarat,9.02,24.740000000000002,0.32,48.35,20.2,24.2,63.2,39.3,1010.9799999999999,1009.97,15.915000000000001,21.725
Ballarat,12.084999999999999,25.945,0.08,49.35,25.35,25.05,70.95,39.55,1018.5049999999999,1017.165,16.39,24.305
Ballarat,6.62,17.045,2.94,47.55,19.3,23.1,81.1,61.95,1012.655,1011.265,10.864999999999998,15.635
Ballarat,6.154999999999999,16.8,2.0100000000000002,49.35,24.25,25.3,75.0,58.85,1017.3100000000001,1015.6899999999999,11.285,15.655000000000001
Ballarat,7.425,19.494999999999997,1.1,45.05,24.15,21.35,75.7,55.85,1018.1049999999999,1016.55,11.77,17.759999999999998
Ballarat,2.93,11.795,1.8199999999999998,46.05,20.15,25.1,91.55,69.9,1016.595,1014.5600000000001,6.44,10.870000000000001
Ballarat,3.875,12.17,0.8400000000000001,49.95,23.1,29.05,86.2,68.85,1014.55,1012.74,7.1450000000000005,10.695
Ballarat,4.220000000000001,13.09,1.05,44.15,19.7,23.75,83.4,66.95,1019.325,1017.5049999999999,7.720000000000001,11.790000000000001
Ballarat,12.2,23.18,5.82,39.8,16.4,20.65,71.1,53.35,1018.8149999999999,1017.8,15.684999999999999,21.19
Ballarat,8.004999999999999,17.785,0.64,45.35,21.85,23.9,81.1,61.4,1021.3799999999999,1019.905,11.655,16.419999999999998
Ballarat,10.775,21.654999999999998,1.6700000000000004,42.9,19.15,21.9,77.05,55.85,1018.225,1016.3799999999999,14.95,19.955000000000002
Ballarat,9.870000000000001,22.565,3.55,46.25,21.55,22.1,64.9,51.65,1014.095,1013.2,15.180000000000001,20.255000000000003
Bendigo,4.95,19.68,1.92,39.15,14.15,17.8,67.4,48.1,1019.82,1017.235,13.330000000000002,18.35
Bendigo,5.915,23.055,1.01,40.05,14.9,18.2,62.35,33.8,1019.5649999999999,1016.89,14.09,21.56
Bendigo,7.37,23.175,0.35,43.35,14.95,19.3,69.8,41.75,1018.3149999999999,1015.6049999999999,13.84,21.645
Bendigo,5.35,12.74,1.24,36.0,11.9,16.6,91.75,77.7,1019.53,1017.49,8.25,11.815000000000001
Bendigo,4.125,14.605,1.3900000000000001,34.8,14.1,16.4,85.45,63.7,1024.69,1022.3549999999999,9.23,13.825
Bendigo,5.465,16.64,2.3600000000000003,38.7,13.55,18.8,82.0,58.25,1019.9100000000001,1018.4100000000001,9.74,15.385
Bendigo,10.43,25.57,0.42000000000000004,41.5,12.3,21.1,69.25,35.55,1014.51,1012.585,15.505,24.06
Bendigo,9.195,21.665,1.25,40.95,13.9,20.5,75.0,45.7,1018.03,1016.1049999999999,13.959999999999999,20.445
Bendigo,10.434999999999999,23.93,1.04,43.1,15.95,18.15,67.05,41.95,1020.5350000000001,1018.0799999999999,15.895,22.384999999999998
Bendigo,12.98,29.155,0.1,45.05,17.45,18.95,53.75,27.3,1011.4799999999999,1008.89,19.35,27.405
Bendigo,14.605,29.93,1.02,45.35,18.25,20.05,61.15,32.25,1016.695,1014.55,19.59,28.380000000000003
Bendigo,11.67,25.285,0.2,42.2,15.05,17.6,66.65,45.2,1014.3799999999999,1011.51,16.955000000000002,23.35
Bendigo,5.3149999999999995,15.919999999999998,1.8699999999999999,38.8,13.05,19.75,86.7,67.4,1018.43,1016.335,9.915000000000001,15.025
Bendigo,5.95,20.54,1.31,44.6,13.85,20.95,68.3,45.95,1014.525,1012.5,12.575,19.09
Bendigo,5.74,16.625,2.38,47.7,15.45,22.05,81.55,62.4,1012.415,1010.235,10.9,15.12
Bendigo,6.635,19.695,0.29,34.25,12.05,16.5,69.05,45.35,1023.375,1020.95,12.53,18.695
Bendigo,4.61,14.9,2.38,32.45,13.15,15.6,88.0,67.8,1023.1850000000001,1020.765,8.615,13.885
Bendigo,7.8950000000000005,19.830000000000002,2.29,35.95,11.5,14.85,79.05,51.45,1020.265,1018.735,12.245000000000001,18.715
Bendigo,13.055000000000001,29.68,0.33999999999999997,44.1,17.9,17.2,61.8,32.1,1015.8299999999999,1013.7,17.96,27.585
Bendigo,8.14,20.6,0.3,35.95,12.7,16.45,69.5,49.05,1018.0,1016.115,13.975,19.36
Bendigo,12.48,25.4,2.38,37.5,15.9,16.35,69.9,44.6,1016.51,1014.235,17.005000000000003,23.785
Bendigo,8.845,22.715,0.9800000000000001,44.7,18.2,20.3,59.45,43.45,1017.22,1015.3549999999999,14.930000000000001,20.985
Bendigo,13.855,31.185000000000002,0.34,44.05,15.45,18.65,53.15,26.3,1014.43,1011.9799999999999,20.240000000000002,29.395
Bendigo,8.629999999999999,24.294999999999998,1.01,44.8,13.55,18.5,65.35,40.85,1017.21,1014.665,15.0,22.39
Bendigo,6.959999999999999,16.535,3.87,39.4,14.2,19.3,77.7,62.25,1014.525,1012.21,11.379999999999999,15.219999999999999
Bendigo,11.2,25.785000000000004,2.0300000000000002,42.45,14.35,16.9,61.2,38.5,1011.7700000000001,1010.015,16.755000000000003,23.45
Bendigo,6.68,14.559999999999999,1.5100000000000002,45.05,17.05,21.35,78.85,65.2,1013.07,1011.39,10.235,13.075
Bendigo,5.785,13.655000000000001,4.6,34.6,10.0,15.15,89.75,77.35,1016.03,1014.61,9.11,12.665000000000001
Bendigo,4.4399999999999995,14.165000000000001,3.2,39.05,12.25,17.9,83.9,60.45,1018.71,1016.82,8.72,13.194999999999999
Bendigo,10.225,20.705000000000002,5.9,39.15,13.55,17.0,75.05,53.95,1020.14,1018.2049999999999,14.495,19.75
Bendigo,10.86,23.235,2.1100000000000003,33.15,11.9,14.7,75.6,49.4,1021.0200000000001,1018.8299999999999,15.11,21.39
Bendigo,4.9799999999999995,16.330000000000002,0.67,26.95,9.8,12.75,88.9,58.1,1024.97,1023.1450000000001,9.455,15.485
Bendigo,11.695,27.145,0.93,38.65,12.2,14.1,63.6,40.3,1016.03,1013.555,16.869999999999997,25.025
Bendigo,13.965,29.79,0.16,41.9,17.4,18.35,57.4,30.95,1013.89,1011.7549999999999,19.07,27.665
Bendigo,12.944999999999999,27.505000000000003,0.24,38.75,13.9,16.75,61.95,34.2,1015.515,1013.375,17.39,25.610000000000003
Bendigo,7.909999999999999,23.71,0.66,41.75,13.65,19.75,61.75,35.5,1024.22,1021.3950000000001,14.635,22.315
Bendigo,7.775,21.405,1.52,44.65,16.1,21.7,61.55,40.15,1018.2299999999999,1015.985,13.855,20.205000000000002
Bendigo,12.14,26.380000000000003,0.24,41.0,15.85,17.1,56.2,34.7,1016.76,1014.6,17.41,24.57
Bendigo,3.8649999999999998,14.194999999999999,0.1,31.65,12.05,15.1,81.45,59.65,1025.7649999999999,1023.8100000000001,8.155,13.51
Bendigo,4.285,13.52,1.92,32.95,10.3,13.9,85.5,66.5,1020.76,1018.6200000000001,8.209999999999999,12.535
Bendigo,2.995,11.790000000000001,1.45,40.7,13.45,19.3,80.45,65.35,1019.405,1018.135,7.32,10.795
Bendigo,13.035,25.869999999999997,1.5699999999999998,36.6,14.75,15.3,65.45,38.8,1018.61,1016.635,17.195,24.19
Bendigo,13.194999999999999,27.0,0.45999999999999996,41.4,12.3,17.05,64.25,40.65,1018.625,1015.825,18.21,26.025
Bendigo,10.23,23.75,0.54,40.35,12.65,19.8,61.1,39.65,1022.0049999999999,1019.1,15.85,22.685
Bendigo,16.0,31.57,1.1199999999999999,44.55,17.5,19.1,46.5,25.65,1015.445,1013.3549999999999,21.845,29.32
Bendigo,14.934999999999999,29.889999999999997,0.19,45.05,14.1,17.15,53.5,26.8,1014.085,1012.03,19.85,27.810000000000002
Bendigo,14.415000000000001,28.28,0.9800000000000001,40.3,17.35,17.35,60.5,36.65,1013.9,1011.825,18.875,26.23
Bendigo,10.575,21.529999999999998,3.69,36.5,11.15,17.8,72.35,51.05,1018.8950000000001,1016.5049999999999,15.615,20.375
Bendigo,7.279999999999999,18.195,1.45,31.35,10.6,12.65,80.25,54.8,1022.825,1021.115,11.57,17.205000000000002
Bendigo,6.68,18.494999999999997,2.4,34.95,13.25,15.35,78.3,53.2,1018.8,1016.665,12.125,17.43
Bendigo,13.305000000000001,31.005000000000003,0.6799999999999999,45.25,15.25,20.95,50.55,22.4,1013.6600000000001,1011.475,20.445,29.325
Bendigo,13.23,26.505000000000003,2.9699999999999998,46.2,17.4,21.2,60.4,37.95,1016.9350000000001,1014.8,17.78,24.955000000000002
Bendigo,12.754999999999999,26.25,2.7,42.25,14.05,16.1,70.65,42.6,1017.2950000000001,1015.74,17.69,24.965
Bendigo,8.120000000000001,22.75,0.6,37.1,13.85,16.25,61.95,37.95,1019.6700000000001,1016.925,14.325,21.369999999999997
Bendigo,9.93,23.419999999999998,2.07,44.0,17.8,20.35,60.45,39.8,1013.6700000000001,1012.165,15.544999999999998,21.57
Bendigo,12.265,23.36,5.84,42.35,12.6,17.65,70.65,55.95,1013.5200000000001,1010.97,17.355,21.634999999999998
Bendigo,3.7600000000000002,12.45,4.7299999999999995,40.05,13.55,17.5,84.6,69.55,1018.76,1016.775,7.555,11.290000000000001
Bendigo,3.7950000000000004,15.584999999999999,2.3200000000000003,37.45,16.15,17.9,70.8,53.25,1021.595,1019.25,9.89,14.575
Bendigo,6.24,18.125,3.3299999999999996,38.8,14.6,18.2,72.25,50.1,1018.635,1016.01,11.754999999999999,16.91
Bendigo,10.98,25.455000000000002,0.89,37.75,13.5,16.5,64.35,37.25,1017.8100000000001,1015.725,15.680000000000001,23.825
Bendigo,6.2299999999999995,19.46,0.05,35.75,12.25,17.25,69.8,44.6,1021.155,1018.7549999999999,12.235,18.34
Bendigo,8.915000000000001,23.415,0.30000000000000004,38.15,15.6,15.95,59.1,31.3,1016.485,1014.39,15.365,22.240000000000002
Bendigo,11.47,24.93,2.45,46.1,15.95,21.7,59.6,32.7,1008.9200000000001,1006.8950000000001,16.65,23.195
Bendigo,14.305000000000001,31.119999999999997,0.02,45.2,15.9,17.9,48.05,21.7,1015.7950000000001,1013.405,20.044999999999998,29.27
Brisbane,20.75,29.685000000000002,3.21,32.3,8.3,12.9,57.4,54.9,1015.8299999999999,1012.775,26.255000000000003,27.665
Brisbane,22.71,32.035000000000004,6.14,31.05,6.6,11.6,60.25,58.55,1011.825,1009.07,28.580000000000002,29.585
Brisbane,18.61,27.675,1.4700000000000002,31.05,9.0,11.9,60.0,58.75,1017.86,1014.79,24.35,25.56
Brisbane,14.559999999999999,24.869999999999997,1.31,26.85,7.2,9.2,59.45,49.45,1017.905,1014.4350000000001,19.935,23.0
Brisbane,15.719999999999999,26.945,1.3299999999999998,30.8,6.65,11.95,47.95,45.0,1015.78,1012.2700000000001,22.615000000000002,24.77
Brisbane,16.53,25.865,0.9099999999999999,21.55,5.35,7.8,70.25,55.5,1020.3950000000001,1016.8100000000001,20.744999999999997,24.494999999999997
Brisbane,15.030000000000001,24.240000000000002,1.7399999999999998,23.35,5.85,7.65,68.45,58.0,1021.2049999999999,1018.4950000000001,19.195,22.78
Brisbane,13.89,24.94,0.76,23.55,6.45,8.15,61.0,45.75,1022.075,1018.99,19.3,23.72
Brisbane,22.775,32.22,2.01,28.3,7.0,12.15,60.85,50.0,1014.6049999999999,1011.905,28.169999999999998,30.514999999999997
Brisbane,19.23,27.985000000000003,2.23,25.45,6.55,9.6,64.5,57.05,1018.055,1015.075,24.119999999999997,26.125
Brisbane,16.655,26.755000000000003,5.2,26.95,5.95,10.2,63.95,51.65,1017.2850000000001,1014.36,21.725,24.875
Brisbane,16.175,26.505000000000003,2.46,25.25,5.15,9.2,66.75,56.25,1018.025,1015.0049999999999,21.21,24.68
Brisbane,19.975,28.339999999999996,7.840000000000001,26.6,6.15,9.9,68.85,60.8,1015.11,1012.39,24.73,26.985000000000003
Brisbane,10.34,22.669999999999998,0.11000000000000001,24.05,5.6,8.85,67.15,44.75,1021.4,1018.135,15.940000000000001,21.145
Brisbane,11.01,21.625,2.16,28.3,6.45,9.5,65.25,50.45,1019.735,1016.7149999999999,15.875,20.490000000000002
Brisbane,12.559999999999999,23.04,3.3899999999999997,28.15,7.25,10.25,63.1,49.25,1021.425,1018.0600000000001,17.8,21.685
Brisbane,18.315,26.345,2.13,29.1,8.35,10.85,63.7,57.25,1019.3700000000001,1017.135,23.78,24.89
Brisbane,16.265,24.615000000000002,6.590000000000001,26.95,5.9,8.95,66.8,60.3,1020.0600000000001,1017.05,20.994999999999997,22.655
Brisbane,18.615000000000002,27.275,12.41,32.75,10.0,12.35,64.75,59.0,1013.3149999999999,1010.885,24.165,25.71
Brisbane,21.78,29.025,8.379999999999999,30.25,6.95,11.15,71.8,65.2,1015.0450000000001,1012.915,25.955000000000002,27.26
Brisbane,21.009999999999998,28.65,12.06,32.05,7.7,9.6,69.3,68.85,1010.9549999999999,1008.7450000000001,25.76,26.02
Brisbane,16.994999999999997,26.93,3.6100000000000003,27.15,5.8,11.5,70.6,54.75,1019.055,1016.305,22.21,25.27
Brisbane,19.44,27.7,5.0200000000000005,26.85,7.4,9.6,72.4,66.45,1016.32,1013.8700000000001,24.025,25.825
Brisbane,18.165,27.195,8.08,25.2,6.05,8.65,74.15,62.9,1015.3950000000001,1012.6049999999999,23.03,25.685000000000002
Brisbane,11.025,20.905,3.8199999999999994,22.55,5.4,8.0,75.2,56.6,1022.03,1018.635,15.059999999999999,20.009999999999998
Brisbane,12.42,24.375,0.33999999999999997,21.65,5.6,7.7,69.8,49.3,1020.97,1017.8,18.06,23.05
Brisbane,15.565000000000001,23.990000000000002,4.5,30.4,7.35,12.35,69.9,57.55,1018.8299999999999,1015.8950000000001,19.81,22.565
Brisbane,16.07,25.755000000000003,2.53,27.75,6.45,10.35,62.65,52.4,1018.3799999999999,1014.8700000000001,21.95,24.31
Brisbane,12.735,24.375,1.24,28.8,7.7,11.25,54.6,46.0,1019.4200000000001,1015.415,19.5,22.395
Brisbane,19.48,28.9,4.45,30.0,6.75,11.15,60.7,56.8,1014.75,1012.14,25.535,27.205000000000002
Brisbane,20.78,29.535000000000004,4.1,29.0,7.0,10.8,65.75,59.9,1012.29,1009.515,26.160000000000004,27.669999999999998
Brisbane,17.055,26.275,5.59,28.5,6.85,11.5,66.8,59.0,1013.7549999999999,1011.3149999999999,22.7,24.32
Brisbane,10.709999999999999,21.56,0.9200000000000002,30.6,8.7,12.35,64.1,43.8,1019.47,1016.3799999999999,15.455000000000002,20.615000000000002
Brisbane,13.180000000000001,22.79,9.16,30.5,7.7,11.85,72.4,53.85,1019.445,1016.165,17.54,21.505000000000003
Brisbane,12.41,24.545,1.2499999999999998,28.9,8.55,11.65,59.9,46.1,1020.1450000000001,1016.115,18.23,23.175
Brisbane,13.1,26.669999999999998,0.59,32.75,10.0,15.3,47.95,40.4,1018.4350000000001,1014.1200000000001,21.485,24.66
Brisbane,13.605,26.365,0.45999999999999996,31.2,8.15,13.9,58.65,42.85,1018.61,1014.845,19.85,24.785
Brisbane,19.565,29.125,3.72,33.6,9.25,15.4,62.55,51.85,1016.665,1014.21,25.29,27.464999999999996
Brisbane,20.880000000000003,29.860000000000003,4.01,33.85,9.1,13.55,62.1,58.55,1011.7850000000001,1008.9799999999999,26.380000000000003,28.115
Brisbane,20.380000000000003,29.794999999999998,5.9399999999999995,34.0,9.55,16.3,60.65,53.2,1013.28,1010.39,26.27,28.355
Brisbane,16.490000000000002,26.65,1.26,29.85,9.5,12.6,64.0,52.8,1019.6700000000001,1016.485,21.71,24.695
Brisbane,19.71,28.560000000000002,2.16,33.3,10.6,13.45,67.4,59.2,1015.5799999999999,1012.7950000000001,24.509999999999998,26.869999999999997
Brisbane,15.705000000000002,26.475,2.2800000000000002,27.4,8.2,11.0,63.1,48.85,1018.2299999999999,1015.22,21.45,25.32
Brisbane,13.26,23.134999999999998,0.47000000000000003,27.0,6.6,9.35,63.0,52.05,1018.485,1015.45,17.995,21.765
Brisbane,17.805,27.27,0.61,24.5,4.15,9.65,70.75,58.9,1020.5,1017.3700000000001,22.575,25.630000000000003
Brisbane,11.6,21.46,5.29,27.15,7.25,10.1,63.15,46.7,1020.0799999999999,1016.4399999999999,16.225,20.52
Brisbane,12.265,23.4,1.09,26.6,6.2,10.3,64.65,49.65,1022.8,1019.4799999999999,17.52,22.28
Brisbane,13.305000000000001,23.5,0.47000000000000003,23.95,5.9,9.45,70.1,51.6,1023.0649999999999,1019.885,17.43,22.235
Brisbane,22.35,30.26,5.9,31.35,9.5,15.05,62.1,59.75,1016.2450000000001,1013.6850000000001,27.23,28.005000000000003
Brisbane,18.740000000000002,28.25,3.41,34.9,10.75,16.4,57.55,54.45,1020.0049999999999,1017.24,25.35,26.185000000000002
Brisbane,21.175,30.3,1.52,36.0,10.0,15.15,59.5,57.0,1015.54,1012.5899999999999,26.935000000000002,27.95
Brisbane,21.244999999999997,28.915,11.790000000000001,31.05,10.4,13.65,70.35,66.7,1016.79,1014.405,25.619999999999997,26.905
Brisbane,22.055,31.095,6.44,33.65,9.2,15.75,63.3,55.95,1012.575,1010.275,27.330000000000002,29.145
Brisbane,19.79,29.095,9.48,28.15,7.65,11.65,67.6,58.3,1015.2,1012.3700000000001,25.03,27.365
Brisbane,21.5,30.189999999999998,2.7299999999999995,28.2,6.55,11.1,67.55,60.95,1014.9549999999999,1012.385,26.285000000000004,28.314999999999998
Brisbane,21.555,29.48,11.32,27.1,7.15,10.25,71.3,61.2,1013.085,1010.615,25.955000000000002,27.855
Brisbane,13.059999999999999,22.759999999999998,0.5,24.5,6.45,8.6,72.75,55.25,1023.45,1020.6600000000001,17.265,21.47
Brisbane,16.835,25.75,3.62,24.3,5.6,9.15,72.85,60.0,1021.5600000000001,1018.51,20.96,24.330000000000002
Brisbane,13.98,24.68,9.23,26.0,7.85,9.4,58.15,45.3,1018.2,1014.9799999999999,19.255000000000003,23.54
Brisbane,12.67,24.080000000000002,1.7600000000000002,29.65,6.95,11.0,59.9,47.5,1021.29,1017.6700000000001,18.975,22.415
Brisbane,9.905,22.205000000000002,0.24,26.8,6.5,9.05,60.6,40.5,1025.025,1021.765,15.475,20.805
Brisbane,18.085,27.53,4.0200000000000005,30.05,7.15,12.35,57.4,53.0,1017.64,1014.015,23.98,25.669999999999998
Brisbane,19.27,28.889999999999997,3.4,34.55,6.4,11.5,57.45,57.7,1016.5600000000001,1012.72,25.255000000000003,26.564999999999998
Brisbane,15.655000000000001,26.79,0.29000000000000004,32.0,7.7,14.05,50.5,45.9,1019.405,1015.89,22.845,24.65
Cairns,19.145,27.235000000000003,1.3199999999999998,41.2,17.7,24.15,68.05,60.9,1017.39,1014.7950000000001,23.28,25.475
Cairns,23.96,30.294999999999998,26.189999999999998,37.65,13.15,17.4,79.75,72.65,1007.8299999999999,1004.865,26.939999999999998,28.925
Cairns,24.759999999999998,32.555,2.75,32.7,12.4,16.85,69.1,66.4,1009.6899999999999,1006.575,29.365,30.580000000000002
Cairns,23.985,31.189999999999998,12.59,34.7,12.1,16.55,77.05,71.6,1008.5600000000001,1005.79,27.744999999999997,29.52
Cairns,24.39,32.12,11.629999999999999,36.9,14.45,22.7,75.65,67.25,1011.1049999999999,1008.29,28.360000000000003,30.589999999999996
Cairns,22.2,31.080000000000002,0.01,35.55,15.85,21.5,60.95,59.0,1014.54,1010.8549999999999,28.47,29.185000000000002
Cairns,22.2,31.314999999999998,0.69,40.95,17.1,21.4,64.2,59.3,1013.8549999999999,1011.025,28.075,29.369999999999997
Cairns,20.255000000000003,28.380000000000003,3.09,38.9,18.2,21.6,71.15,63.5,1016.0600000000001,1012.925,24.475,27.064999999999998
Cairns,23.4,30.98,9.91,39.3,14.1,21.4,75.55,67.0,1012.57,1009.4350000000001,27.395,29.669999999999998
Cairns,23.855,31.95,8.7,33.85,11.6,17.85,75.05,72.4,1010.9100000000001,1007.665,28.464999999999996,30.165
Cairns,21.09,29.68,8.83,41.2,19.9,24.95,65.0,56.0,1015.665,1012.845,26.110000000000003,27.885
Cairns,20.89,30.25,0.9,35.8,15.0,20.65,64.45,56.9,1014.0899999999999,1010.89,26.869999999999997,28.689999999999998
Cairns,19.91,29.845,0.05,37.0,17.95,23.2,57.85,50.9,1016.9799999999999,1013.595,25.910000000000004,27.885
Cairns,21.965,32.03,8.5,35.15,11.9,18.7,63.85,57.45,1010.8700000000001,1007.385,28.139999999999997,30.314999999999998
Cairns,24.34,31.639999999999997,13.84,38.75,15.05,19.25,73.7,68.8,1011.135,1008.335,28.1,29.74
Cairns,23.85,31.389999999999997,7.75,35.0,12.45,19.95,72.2,64.3,1010.5200000000001,1007.71,28.325,30.005000000000003
Cairns,23.485,31.18,12.53,38.5,15.1,22.2,75.3,68.1,1009.7,1006.775,27.445,29.580000000000002
Cairns,21.119999999999997,29.110000000000003,2.2199999999999998,37.85,16.2,20.65,71.15,63.2,1014.36,1011.51,25.68,27.610000000000003
Cairns,21.61,29.939999999999998,8.459999999999999,36.85,16.15,22.75,71.1,60.5,1012.135,1009.055,25.814999999999998,28.675
Cairns,22.89,31.085,4.79,41.0,16.8,25.65,70.4,59.85,1011.5350000000001,1008.405,27.375,29.805
Cairns,17.935,27.714999999999996,0.1,38.25,17.6,23.6,62.5,52.3,1016.7299999999999,1013.835,23.19,26.05
Cairns,17.535,27.660000000000004,1.1099999999999999,38.1,18.35,23.35,65.05,52.85,1017.4649999999999,1014.375,22.98,25.635
Cairns,18.119999999999997,27.330000000000002,0.8400000000000001,36.95,16.9,23.35,67.5,55.15,1016.9100000000001,1013.75,22.8,25.830000000000002
Cairns,20.28,29.7,0.26,29.45,10.95,17.35,68.65,62.35,1013.115,1010.0649999999999,25.885,28.05
Cairns,23.54,32.255,4.42,35.05,12.0,20.2,64.75,58.9,1012.36,1009.4,29.095,30.46
Cairns,23.7,31.455000000000002,30.71,41.45,15.65,20.25,75.75,70.35,1010.9200000000001,1008.05,27.7,29.28
Cairns,23.740000000000002,32.795,4.26,37.45,12.15,19.1,65.65,66.2,1008.7049999999999,1005.5350000000001,29.445,30.485000000000003
Cairns,17.035,28.525,0.0,36.9,16.15,24.5,57.15,48.9,1018.3399999999999,1014.5899999999999,24.21,26.835
Cairns,18.59,28.95,0.6799999999999999,37.5,15.5,23.85,63.55,50.25,1016.7049999999999,1013.3100000000001,24.56,27.255000000000003
Cairns,19.735,30.485000000000003,0.48,41.7,18.35,26.65,55.3,45.55,1016.845,1013.475,26.665,28.435000000000002
Cairns,18.325,27.830000000000002,0.24,36.3,15.45,21.05,65.3,53.25,1017.0600000000001,1013.99,23.59,26.339999999999996
Cairns,19.695,26.630000000000003,7.49,43.75,19.05,25.7,77.35,62.55,1018.32,1015.635,22.595,25.375
Cairns,18.415,27.835,0.61,40.75,18.15,24.55,68.6,57.95,1019.9100000000001,1016.9100000000001,23.43,25.68
Cairns,18.6,28.03,0.58,38.35,16.5,24.7,69.5,55.2,1018.5049999999999,1015.2049999999999,23.82,26.675
Cairns,24.085,31.27,11.34,43.85,20.15,25.6,73.2,64.0,1011.95,1008.99,27.75,29.805
Cairns,22.265,29.605,1.0,38.6,17.75,22.55,71.05,63.75,1015.05,1012.0799999999999,26.145,28.145
Cairns,19.869999999999997,29.494999999999997,1.73,39.35,17.5,23.15,63.8,54.55,1015.82,1012.55,25.415,28.115
Cairns,22.0,29.785000000000004,3.97,46.4,19.8,29.1,75.9,62.1,1015.8149999999999,1013.0,25.660000000000004,28.544999999999998
Cairns,22.130000000000003,29.889999999999997,1.75,39.15,18.45,21.6,73.55,66.75,1015.1200000000001,1012.18,26.205000000000002,28.4
Cairns,24.115000000000002,32.655,14.069999999999999,36.4,13.95,19.4,73.2,64.4,1012.86,1009.445,28.360000000000003,31.189999999999998
Cairns,21.735,29.139999999999997,3.8300000000000005,35.9,15.15,18.45,76.2,66.45,1012.925,1009.9,25.505000000000003,28.060000000000002
Cairns,18.244999999999997,26.735000000000003,1.21,41.7,17.8,26.0,73.95,63.45,1018.085,1014.86,22.56,25.330000000000002
Cairns,19.715,27.475,5.04,36.8,16.2,19.8,81.85,70.5,1016.735,1013.8149999999999,23.419999999999998,26.3
Cairns,19.3,27.235000000000003,2.97,36.7,15.8,18.95,76.7,66.25,1016.54,1013.555,23.4,25.939999999999998
Cairns,19.32,27.880000000000003,0.9400000000000001,44.6,20.1,27.6,67.0,53.5,1019.415,1016.3,23.985,25.775
Cairns,19.994999999999997,28.605,1.44,37.5,16.75,22.4,69.5,62.8,1018.5899999999999,1015.4649999999999,24.94,26.775
Cairns,16.03,26.005000000000003,0.4800000000000001,39.95,18.9,23.55,65.2,52.7,1019.03,1016.28,21.255000000000003,24.544999999999998
Cairns,21.665,30.625,5.83,34.0,14.05,19.5,69.0,61.8,1013.6049999999999,1010.5350000000001,26.964999999999996,28.76
Cairns,25.28,32.459999999999994,1.43,34.9,12.1,19.3,73.35,70.25,1010.515,1007.28,29.505000000000003,30.875
Cairns,23.520000000000003,30.975,3.7299999999999995,37.85,16.5,22.25,67.6,63.9,1013.575,1010.35,28.455000000000002,29.455000000000002
Cairns,22.445,30.46,5.6,40.5,15.95,22.6,71.3,62.8,1014.225,1011.25,26.705000000000002,28.395
Cairns,21.815,29.355,3.13,42.6,19.35,25.5,73.5,66.15,1013.96,1010.8950000000001,25.764999999999997,27.830000000000002
Cairns,20.355,27.675,2.86,38.75,17.35,21.9,70.8,61.4,1015.2450000000001,1012.3,24.130000000000003,26.415
Cairns,20.215,27.355,2.46,45.1,19.75,26.45,75.45,64.4,1016.5049999999999,1013.79,23.36,25.645
Cairns,23.005000000000003,31.839999999999996,2.73,40.55,15.45,25.6,66.6,57.5,1012.3100000000001,1009.49,28.080000000000002,30.095
Cairns,21.695,30.865,2.71,38.05,17.25,22.85,66.3,57.65,1014.125,1010.9350000000001,27.21,28.78
Cairns,23.52,32.85,5.83,39.85,13.2,18.95,68.55,60.2,1007.6899999999999,1004.6850000000001,28.625,31.03
Cairns,21.555,29.964999999999996,6.2700000000000005,36.6,15.1,18.6,68.75,67.35,1010.475,1007.405,26.535000000000004,27.73
Cairns,21.655,30.575,2.09,38.8,16.85,24.15,61.15,56.3,1015.555,1012.2049999999999,27.310000000000002,28.485000000000003
Cairns,22.625,31.54,1.16,35.2,12.45,19.0,66.1,61.35,1010.76,1007.905,28.514999999999997,29.945
Cairns,22.29,30.419999999999998,2.16,38.75,16.2,23.2,67.45,59.25,1012.825,1010.04,27.439999999999998,28.885
Cairns,18.225,26.435000000000002,1.59,45.8,21.25,27.6,69.7,57.45,1018.085,1015.265,22.175,24.84
Cairns,17.330000000000002,27.57,0.08,35.3,14.9,21.65,64.35,57.55,1016.24,1012.885,23.445,26.03
Cairns,17.535,28.339999999999996,1.4400000000000002,40.15,18.05,25.2,64.2,53.6,1018.525,1015.165,23.654999999999998,26.580000000000002
Canberra,9.525,24.4,0.2,34.75,9.05,13.7,69.8,37.6,1022.45,1019.4200000000001,15.355,23.27
Canberra,13.01,29.72,0.13,40.75,8.35,18.65,69.4,34.15,1017.43,1014.115,18.64,28.369999999999997
Canberra,11.629999999999999,25.54,1.26,36.7,9.4,16.05,75.2,45.15,1020.9549999999999,1018.1899999999999,16.325,23.825
Canberra,5.09,12.690000000000001,6.910000000000001,40.55,17.15,19.4,86.2,71.25,1013.6899999999999,1011.915,8.43,11.215
Canberra,2.3,15.279999999999998,1.36,43.0,13.1,23.0,83.75,50.6,1022.1899999999999,1019.25,7.540000000000001,14.294999999999998
Canberra,5.319999999999999,18.044999999999998,0.86,46.6,16.0,25.25,80.2,53.55,1018.1700000000001,1015.0600000000001,10.98,16.555
Canberra,2.3,15.51,2.6100000000000003,39.85,13.85,21.2,77.85,54.3,1020.79,1018.32,9.045,14.12
Canberra,5.635,18.494999999999997,1.92,45.7,16.8,23.7,72.0,49.9,1019.765,1017.4799999999999,12.03,16.89
Canberra,5.720000000000001,21.57,0.7899999999999999,41.25,10.75,22.0,69.5,44.85,1026.27,1023.4799999999999,13.594999999999999,20.41
Canberra,12.389999999999999,27.764999999999997,1.3,41.5,12.8,18.35,62.55,36.8,1017.96,1015.29,18.655,25.95
Canberra,12.254999999999999,27.47,3.75,42.9,8.1,17.35,68.45,45.45,1013.635,1010.36,18.330000000000002,25.080000000000002
Canberra,10.940000000000001,27.905,0.1,48.5,11.15,20.15,53.4,25.05,1015.3,1012.7850000000001,18.665,26.07
Canberra,2.895,16.735,1.92,33.35,9.8,15.9,81.1,53.0,1022.515,1019.8549999999999,9.125,15.515
Canberra,4.1899999999999995,18.415,0.07,30.4,9.95,14.55,84.2,53.0,1025.35,1022.78,9.52,17.43
Canberra,7.909999999999999,21.52,2.29,33.35,9.4,15.45,82.9,51.1,1020.9950000000001,1017.615,13.615,20.19
Canberra,1.6350000000000002,14.944999999999999,1.9,29.15,8.3,13.3,83.8,53.2,1019.8550000000001,1017.36,6.734999999999999,13.91
Canberra,4.5649999999999995,17.134999999999998,1.42,30.85,10.25,15.6,82.05,47.65,1025.075,1023.2049999999999,8.985,15.98
Canberra,8.059999999999999,20.525,1.1,31.55,10.05,13.8,75.15,49.8,1021.03,1017.9549999999999,13.38,19.46
Canberra,4.525,19.095,1.2100000000000002,42.0,13.85,22.1,72.7,50.4,1018.485,1015.9649999999999,11.440000000000001,17.1
Canberra,7.49,21.82,1.9100000000000001,46.4,12.25,27.35,66.0,43.75,1016.01,1013.6600000000001,14.115,20.43
Canberra,4.375,15.95,2.9699999999999998,42.45,13.2,21.55,77.45,61.6,1016.6899999999999,1013.82,10.515,14.38
Canberra,12.4,27.4,2.04,47.05,14.6,22.15,64.35,39.7,1013.225,1010.9950000000001,18.115000000000002,25.495
Canberra,12.33,30.105,0.5700000000000001,45.65,8.85,22.45,61.45,33.2,1012.695,1009.9649999999999,18.775,27.45
Canberra,13.05,28.130000000000003,2.26,42.1,12.15,19.45,62.3,37.15,1014.3700000000001,1011.4100000000001,19.54,26.464999999999996
Canberra,11.08,26.345,1.8199999999999998,43.65,10.85,19.4,67.9,40.65,1012.985,1009.8,17.29,24.665
Canberra,9.905,24.630000000000003,0.93,43.9,12.15,22.3,68.7,43.05,1016.95,1014.43,16.419999999999998,22.465
Canberra,12.754999999999999,26.630000000000003,2.32,40.25,10.7,17.6,74.65,45.1,1012.445,1009.74,17.759999999999998,24.94
Canberra,10.959999999999999,26.639999999999997,1.22,41.9,9.75,17.4,65.45,36.85,1018.125,1015.595,17.365000000000002,25.105
Canberra,3.375,14.580000000000002,0.42000000000000004,44.7,17.9,18.45,73.65,54.35,1018.9100000000001,1017.4649999999999,8.754999999999999,12.36
Canberra,1.59,17.35,0.11000000000000001,36.3,11.5,16.85,73.05,39.55,1022.79,1020.2,8.495000000000001,16.16
Canberra,2.035,14.530000000000001,2.77,45.3,17.35,22.3,73.05,48.75,1022.775,1020.3399999999999,7.745,12.834999999999999
Canberra,1.8850000000000002,15.64,2.07,41.95,12.15,20.25,76.8,49.95,1019.61,1016.875,7.685,14.055000000000001
Canberra,-0.10499999999999998,13.080000000000002,0.28500000000000003,42.5,14.55,22.55,79.1,46.9,1022.0450000000001,1019.835,5.865,11.64
Canberra,2.805,19.225,0.63,48.4,12.45,26.3,64.2,38.2,1018.115,1014.9350000000001,11.6,17.86
Canberra,2.605,16.57,1.6300000000000001,47.2,14.6,25.9,69.15,43.5,1017.4200000000001,1014.78,9.875,15.115
Canberra,10.095,22.630000000000003,3.09,38.0,11.4,16.95,80.9,54.3,1017.5799999999999,1015.03,14.225,20.93
Canberra,8.11,20.745,8.04,38.95,10.3,18.5,80.55,54.45,1019.75,1017.275,13.55,19.544999999999998
Canberra,4.275,15.934999999999999,3.2700000000000005,34.15,11.35,17.25,82.25,55.7,1020.625,1018.46,9.540000000000001,14.680000000000001
Canberra,9.89,21.675,0.69,36.85,9.75,18.65,80.05,46.15,1018.0350000000001,1015.125,13.465,20.365000000000002
Canberra,9.805,23.445,1.23,39.5,8.15,16.2,69.35,36.95,1021.9549999999999,1019.04,14.315000000000001,22.19
Canberra,14.495,29.01,2.6100000000000003,44.4,11.55,17.6,64.7,35.0,1016.1700000000001,1013.4350000000001,19.345,27.32
Canberra,12.805000000000001,25.835,0.22999999999999998,44.25,11.05,17.35,66.65,35.25,1014.6700000000001,1012.165,16.825,24.105
Canberra,3.065,13.035,0.8800000000000001,43.6,14.85,20.35,78.95,57.3,1018.1850000000001,1016.265,7.665000000000001,11.754999999999999
Canberra,8.754999999999999,18.5,2.43,41.15,14.35,21.5,78.25,54.95,1019.7299999999999,1017.5600000000001,12.165000000000001,17.235
Canberra,3.465,15.01,0.82,29.5,8.35,14.5,80.8,55.8,1024.75,1021.8,8.155,14.15
Canberra,6.640000000000001,18.23,2.56,38.6,10.6,17.75,76.8,54.05,1016.9800000000001,1014.7299999999999,11.08,16.835
Canberra,10.864999999999998,23.46,5.2,41.1,10.75,17.45,72.8,53.0,1016.135,1014.0649999999999,16.605,21.88
Canberra,13.625,24.935,7.720000000000001,37.85,9.7,15.65,76.6,52.85,1015.0049999999999,1012.925,17.81,23.195
Canberra,15.405000000000001,29.175,3.28,43.75,9.0,17.6,71.8,43.15,1013.0049999999999,1010.805,20.695,27.375
Canberra,3.94,14.52,3.47,43.1,14.55,20.1,70.85,48.75,1017.675,1015.51,9.225,12.975
Canberra,2.975,15.105,1.6199999999999999,40.55,12.4,17.45,80.65,56.2,1020.2299999999999,1017.0799999999999,8.47,13.6
Canberra,6.295,19.23,3.63,42.45,12.5,21.25,71.6,48.0,1018.2850000000001,1015.9950000000001,12.445,17.86
Canberra,4.58,18.335,1.3599999999999999,42.0,12.35,23.25,66.6,47.0,1020.735,1018.305,11.915000000000001,16.81
Canberra,1.06,15.459999999999999,1.3800000000000001,38.7,14.65,19.4,73.65,50.85,1024.33,1021.29,8.735,14.13
Canberra,6.3950000000000005,24.505000000000003,0.72,41.55,10.15,19.4,67.3,37.2,1020.025,1016.8299999999999,14.23,22.990000000000002
Canberra,6.5200000000000005,23.275,1.02,46.25,10.0,24.6,66.0,41.85,1017.0,1014.14,14.05,21.475
Canberra,2.575,17.29,0.6,33.2,8.95,19.65,81.3,51.4,1022.7700000000001,1020.415,9.285,16.09
Canberra,5.835,17.28,2.52,28.9,11.0,14.1,83.45,63.0,1020.675,1017.9649999999999,11.285,16.19
Canberra,0.7250000000000001,13.84,1.0900000000000003,36.1,11.45,20.65,82.8,56.35,1023.175,1020.5450000000001,6.3,12.695
Canberra,4.535,16.32,1.33,45.4,19.6,23.75,78.6,60.1,1018.345,1015.3549999999999,10.15,14.765
Canberra,7.38,20.875,0.64,36.95,14.0,18.75,75.25,53.4,1020.925,1018.2,13.12,18.615000000000002
Canberra,2.83,14.77,4.57,33.8,13.5,16.2,82.3,59.85,1022.03,1019.7,8.065000000000001,13.495
Canberra,-0.675,14.684999999999999,0.42000000000000004,30.8,10.4,14.55,81.2,52.2,1027.51,1025.085,5.62,13.485
Canberra,12.625,26.53,4.59,44.65,11.1,22.0,72.0,45.4,1014.0649999999999,1011.5649999999999,18.02,24.215
Cobar,6.404999999999999,16.985,1.95,29.05,10.8,11.75,73.05,51.9,1022.07,1019.595,10.54,15.815000000000001
Cobar,13.905000000000001,26.535000000000004,0.65,35.05,13.45,12.95,69.5,37.85,1017.11,1014.775,17.369999999999997,24.895
Cobar,7.890000000000001,21.305,0.31,31.05,10.5,13.25,56.1,30.7,1021.1850000000001,1018.4100000000001,13.13,20.39
Cobar,7.45,20.29,0.8200000000000001,30.0,10.35,11.35,62.5,35.7,1021.5550000000001,1019.0600000000001,13.065000000000001,19.23
Cobar,4.275,15.544999999999998,0.17,32.1,11.1,13.85,70.3,44.75,1024.7199999999998,1022.5649999999999,8.89,14.6
Cobar,13.265,25.259999999999998,3.13,36.35,13.3,14.6,64.35,38.5,1016.47,1014.3950000000001,18.005000000000003,23.61
Cobar,12.605,24.64,4.0200000000000005,35.1,15.2,12.05,57.95,39.0,1019.5,1017.085,18.09,23.22
Cobar,12.14,24.369999999999997,3.2299999999999995,39.4,15.2,11.9,65.4,43.6,1018.1200000000001,1016.1600000000001,17.165,22.465
Cobar,21.285,33.540000000000006,1.0,41.45,16.45,13.5,57.5,38.6,1014.53,1012.4350000000001,24.86,31.095
Cobar,19.369999999999997,32.37,2.2399999999999998,40.9,15.25,15.7,52.15,34.05,1010.085,1007.9399999999999,24.130000000000003,30.425
Cobar,17.775,32.155,0.99,41.85,13.0,15.0,49.7,27.7,1012.6299999999999,1009.725,23.755000000000003,30.615
Cobar,11.34,24.585,0.0,30.6,13.35,13.55,52.6,28.6,1021.8299999999999,1018.725,16.98,23.67
Cobar,17.53,29.294999999999998,2.67,36.9,16.35,16.55,66.45,43.0,1015.1299999999999,1013.075,21.225,27.639999999999997
Cobar,8.98,21.134999999999998,0.38,32.5,12.4,15.8,69.95,41.45,1018.7549999999999,1016.0200000000001,13.225,20.205000000000002
Cobar,5.55,16.96,1.85,33.85,12.6,14.95,76.35,48.9,1022.485,1019.9799999999999,9.934999999999999,16.025
Cobar,7.090000000000001,19.044999999999998,1.4,31.3,13.65,15.2,62.05,39.7,1022.6,1019.845,12.28,18.36
Cobar,16.53,30.03,1.2,42.25,15.05,13.55,54.95,34.8,1014.71,1012.54,21.66,27.77
Cobar,12.575,27.49,1.64,39.1,13.1,15.8,38.25,21.25,1019.5600000000001,1016.6899999999999,19.895,26.145
Cobar,12.86,25.009999999999998,1.46,38.15,14.5,13.35,56.05,36.45,1015.3100000000001,1012.9950000000001,17.71,23.305
Cobar,17.285,29.830000000000002,4.0600000000000005,43.25,15.45,15.4,59.8,37.25,1011.175,1009.015,21.490000000000002,28.255000000000003
Cobar,18.285,30.785000000000004,1.44,41.75,16.85,15.4,54.8,33.6,1011.6850000000001,1008.97,22.305,28.71
Cobar,15.01,30.035000000000004,0.0,41.15,14.25,17.25,35.25,19.9,1015.8,1012.615,22.205000000000002,28.605
Cobar,8.665000000000001,22.805,0.0,39.75,15.1,17.35,43.4,22.9,1019.04,1016.0200000000001,15.209999999999999,21.585
Cobar,7.890000000000001,20.575,0.05,33.55,10.85,13.8,51.35,30.75,1019.1899999999999,1016.235,13.855,19.669999999999998
Cobar,18.94,31.964999999999996,0.12,40.15,15.2,15.2,39.9,23.75,1013.1850000000001,1010.96,23.71,30.214999999999996
Cobar,20.119999999999997,34.305,2.4400000000000004,46.15,15.3,13.55,41.35,25.7,1015.72,1013.0649999999999,25.5,32.275
Cobar,17.65,32.19,0.09,39.6,15.45,12.4,41.6,21.9,1018.8700000000001,1015.885,23.465,30.93
Cobar,13.569999999999999,25.5,0.89,36.6,13.4,14.1,57.6,35.1,1018.9799999999999,1015.825,17.645,24.485
Cobar,16.945,29.860000000000003,1.4,37.8,14.65,13.45,47.05,27.6,1015.65,1013.64,20.875,28.485000000000003
Cobar,12.665000000000001,24.61,0.9400000000000001,31.95,11.65,12.55,59.6,37.15,1016.5450000000001,1013.9300000000001,16.39,23.615000000000002
Cobar,6.834999999999999,16.77,0.31,29.95,11.9,12.95,72.8,51.6,1019.3100000000001,1016.765,10.61,15.645
Cobar,9.315000000000001,19.925,1.23,32.15,12.3,13.8,66.7,45.7,1022.0,1019.195,13.63,19.185
Cobar,8.415000000000001,19.345000000000002,0.37,29.2,11.1,12.9,73.3,46.35,1022.2450000000001,1019.805,12.059999999999999,18.225
Cobar,8.405,18.59,2.07,31.35,12.0,10.45,75.3,50.2,1022.45,1019.9100000000001,12.325,17.535
Cobar,8.379999999999999,21.075,0.02,31.25,8.8,10.9,57.25,36.75,1021.6200000000001,1018.49,14.459999999999999,20.07
Cobar,7.295,17.634999999999998,0.8699999999999999,36.25,14.3,16.75,70.95,49.6,1019.7700000000001,1016.7700000000001,12.325,16.625
Cobar,5.12,16.5,1.92,31.65,10.45,12.25,75.8,46.4,1024.27,1021.485,9.8,15.725
Cobar,9.575,20.259999999999998,2.5700000000000003,37.4,13.4,15.4,73.1,49.35,1018.235,1015.775,13.755,18.53
Cobar,21.64,37.55,0.32,37.4,12.15,12.25,31.8,17.5,1012.6850000000001,1010.085,27.93,35.64
Cobar,19.195,34.675,0.33999999999999997,41.4,14.15,14.25,34.4,17.3,1013.3399999999999,1010.8399999999999,25.29,32.745
Cobar,19.64,33.325,0.86,36.35,13.95,12.2,49.6,27.3,1016.46,1013.7299999999999,24.0,31.895
Cobar,16.0,26.589999999999996,2.5100000000000002,32.95,12.35,12.8,71.55,48.7,1018.61,1016.335,19.46,25.22
Cobar,18.48,29.455000000000002,2.07,36.3,14.55,13.45,64.45,44.55,1013.625,1011.485,21.905,27.714999999999996
Cobar,16.94,30.28,0.5599999999999999,37.65,16.1,16.3,46.9,25.7,1014.8149999999999,1012.4549999999999,21.544999999999998,28.839999999999996
Cobar,21.8,33.964999999999996,0.51,42.0,19.9,15.75,44.4,27.6,1011.6899999999999,1009.6200000000001,25.544999999999998,31.925
Cobar,20.355,34.545,0.16999999999999998,41.85,16.45,14.8,42.2,23.35,1011.905,1009.0649999999999,25.47,32.425
Cobar,11.98,23.125,0.44000000000000006,36.25,15.45,17.45,60.0,31.25,1019.5899999999999,1016.865,16.25,22.130000000000003
Cobar,18.46,32.29,0.0,38.8,15.9,14.75,43.0,24.25,1014.335,1011.71,22.56,30.605
Cobar,12.295,25.955000000000002,0.29,34.1,14.5,14.6,52.0,28.95,1019.8799999999999,1017.1850000000001,16.71,24.625
Cobar,6.335,19.28,1.47,35.0,16.3,15.35,58.7,32.1,1023.985,1021.0649999999999,12.17,18.73
Cobar,5.83,16.035,0.35,35.35,12.1,16.2,74.05,45.0,1021.4649999999999,1019.075,9.545,15.455000000000002
Cobar,14.73,28.77,0.12,41.55,17.25,17.8,37.75,22.05,1016.2450000000001,1013.71,20.27,27.235000000000003
Cobar,16.46,31.060000000000002,0.9,45.1,17.95,19.25,38.95,24.95,1016.3700000000001,1013.3549999999999,23.025,28.885
Cobar,11.684999999999999,27.625,0.0,38.2,15.55,16.25,33.5,15.05,1020.235,1017.0049999999999,19.175,26.439999999999998
Cobar,20.34,33.81,0.48999999999999994,44.05,19.45,19.75,37.4,21.7,1013.3700000000001,1010.72,25.43,32.010000000000005
Cobar,17.595,31.945,2.41,39.4,16.55,18.35,49.4,26.55,1015.45,1012.635,22.73,30.29
Cobar,20.125,33.68,0.30999999999999994,41.5,17.4,16.9,36.55,23.05,1014.925,1012.375,25.075,31.85
Cobar,20.095,33.06,3.11,40.8,16.85,15.1,46.45,28.3,1015.2,1013.0,24.19,31.339999999999996
Cobar,21.205000000000002,34.690000000000005,0.86,42.5,17.35,16.05,46.4,28.0,1010.45,1007.95,25.325,32.445
Cobar,10.48,22.515,0.4499999999999999,31.15,11.1,13.2,59.9,36.75,1021.515,1018.85,14.52,21.494999999999997
Cobar,6.69,14.794999999999998,1.5,37.65,15.5,17.3,75.3,55.2,1021.4350000000001,1019.2450000000001,10.09,13.885
Cobar,8.47,17.05,3.8299999999999996,26.05,12.3,10.8,76.0,57.15,1026.0149999999999,1023.6,11.84,16.505000000000003
Cobar,9.92,25.725,0.13,32.95,15.25,12.5,39.2,21.45,1026.8,1023.0,18.27,25.02
Cobar,7.965000000000001,21.085,0.11000000000000001,36.2,15.15,16.0,54.8,34.25,1021.7299999999999,1018.7299999999999,13.805000000000001,20.19
CoffsHarbour,20.345,27.685000000000002,5.6,45.5,17.25,27.05,77.7,69.15,1016.5,1014.775,23.7,25.910000000000004
CoffsHarbour,19.625,27.355,10.11,41.7,14.5,24.1,72.75,68.6,1012.765,1011.0450000000001,24.095,26.01
CoffsHarbour,13.444999999999999,22.605,3.725,38.15,13.7,20.4,72.0,65.0,1018.8700000000001,1016.615,18.985,21.075
CoffsHarbour,14.334999999999999,24.14,3.3199999999999994,39.05,13.9,20.35,72.65,60.5,1017.15,1014.7049999999999,19.34,22.630000000000003
CoffsHarbour,16.07,24.265,3.91,39.15,16.35,20.75,69.75,66.1,1015.9399999999999,1013.665,20.605,22.6
CoffsHarbour,13.87,21.665,17.39,44.1,19.1,22.65,68.05,63.55,1020.29,1017.9549999999999,18.36,20.44
CoffsHarbour,10.665000000000001,21.61,1.52,35.9,19.0,16.45,50.1,48.35,1019.885,1016.9399999999999,18.29,20.035
CoffsHarbour,18.205000000000002,25.675,10.47,41.35,13.75,22.15,75.4,68.95,1011.9,1010.29,22.419999999999998,24.009999999999998
CoffsHarbour,16.94,24.64,7.12,42.75,16.9,26.55,68.4,67.6,1018.675,1016.25,22.035,22.994999999999997
CoffsHarbour,17.475,24.225,9.22,42.95,18.0,24.7,77.35,70.2,1015.0899999999999,1013.39,20.669999999999998,22.54
CoffsHarbour,18.105,26.35,1.6600000000000001,40.95,16.4,24.5,65.4,61.2,1014.97,1013.1600000000001,22.94,24.619999999999997
CoffsHarbour,17.605,25.044999999999998,7.13,43.65,21.1,25.05,65.8,64.2,1016.2,1014.4100000000001,22.044999999999998,23.205000000000002
CoffsHarbour,18.415,26.939999999999998,2.27,35.75,13.2,21.2,73.55,65.2,1015.825,1014.18,23.005000000000003,25.73
CoffsHarbour,19.369999999999997,25.85,15.14,36.6,17.55,19.0,80.35,73.3,1012.8799999999999,1011.485,22.78,24.765
CoffsHarbour,11.74,22.03,17.330000000000002,40.5,14.7,22.15,68.55,59.0,1018.3100000000001,1015.835,17.965,20.439999999999998
CoffsHarbour,9.91,19.195,5.96,42.95,17.65,20.85,71.75,64.2,1023.15,1020.415,14.969999999999999,17.525
CoffsHarbour,9.995000000000001,19.39,5.32,38.0,15.85,19.85,65.25,58.9,1019.43,1017.0649999999999,15.59,17.975
CoffsHarbour,13.765,22.54,4.42,40.35,16.95,23.75,68.85,67.35,1018.07,1015.1700000000001,19.44,20.805
CoffsHarbour,10.92,22.61,0.95,41.35,17.6,19.9,54.45,58.55,1021.55,1018.0600000000001,19.54,20.675
CoffsHarbour,9.870000000000001,20.06,11.26,38.4,12.55,19.15,69.0,57.25,1014.75,1012.025,15.475,18.69
CoffsHarbour,10.945,20.34,6.35,40.85,19.75,20.3,63.9,58.85,1020.03,1017.925,17.265,18.995
CoffsHarbour,10.025,21.595,0.72,36.65,13.15,20.35,61.75,56.85,1021.76,1018.53,17.765,19.805
CoffsHarbour,10.334999999999999,24.075,0.39,42.6,15.2,23.4,50.45,46.45,1015.5600000000001,1012.4799999999999,19.27,21.455000000000002
CoffsHarbour,10.434999999999999,23.165,0.18,35.55,12.5,21.05,54.6,52.45,1018.6850000000001,1015.2850000000001,18.509999999999998,20.81
CoffsHarbour,19.215,27.410000000000004,16.34,41.1,15.15,22.1,76.85,69.65,1013.2950000000001,1011.4649999999999,23.495,25.714999999999996
CoffsHarbour,18.365000000000002,26.455000000000002,6.05,38.8,13.3,22.7,71.3,63.9,1015.635,1013.985,23.28,25.215
CoffsHarbour,17.935,25.465,9.75,42.55,18.7,24.35,73.5,68.1,1017.525,1015.115,21.925,23.69
CoffsHarbour,15.525,24.8,4.2700000000000005,36.35,14.8,19.95,67.2,59.65,1017.9649999999999,1015.79,20.85,23.475
CoffsHarbour,16.48,26.21,2.15,37.55,13.6,20.1,72.4,63.1,1017.2,1014.775,21.855,24.45
CoffsHarbour,12.635,22.91,2.2600000000000002,32.45,16.25,16.85,65.35,57.55,1021.2549999999999,1018.8,19.3,21.990000000000002
CoffsHarbour,17.055,26.46,0.97,35.7,15.0,21.65,67.15,59.5,1019.79,1017.325,22.625,25.315
CoffsHarbour,11.155,20.55,7.3,40.5,16.05,18.4,68.3,61.7,1021.6,1019.2299999999999,16.625,18.94
CoffsHarbour,9.43,19.244999999999997,2.2600000000000002,39.55,16.5,20.25,60.95,55.4,1019.055,1016.85,15.735,18.19
CoffsHarbour,14.305000000000001,22.830000000000002,2.6399999999999997,36.65,14.6,17.8,71.5,63.5,1020.3700000000001,1018.425,19.15,21.29
CoffsHarbour,19.15,26.910000000000004,3.1799999999999997,43.3,18.4,26.55,70.75,70.5,1017.015,1014.8100000000001,24.07,25.240000000000002
CoffsHarbour,17.675,26.49,1.7399999999999998,45.15,15.3,26.7,69.0,68.75,1015.26,1013.2,23.45,24.595
CoffsHarbour,19.845,27.075,2.9299999999999997,41.0,14.8,23.9,77.5,68.45,1017.445,1015.865,23.28,25.885
CoffsHarbour,20.055,28.410000000000004,6.01,38.15,12.9,19.9,67.4,62.2,1012.415,1010.6850000000001,25.325,26.935000000000002
CoffsHarbour,19.45,27.235000000000003,8.43,45.6,18.45,24.85,72.25,67.65,1015.125,1013.65,24.044999999999998,25.76
CoffsHarbour,19.85,28.02,0.29,37.9,16.5,23.55,72.45,66.95,1015.21,1013.555,24.544999999999998,26.625
CoffsHarbour,18.36,26.275,5.680000000000001,42.75,17.5,21.35,71.3,68.55,1016.635,1014.7450000000001,23.075,24.335
CoffsHarbour,17.445,26.160000000000004,3.3699999999999997,40.35,17.25,23.25,72.2,67.9,1019.8549999999999,1017.615,22.195,24.31
CoffsHarbour,11.385,24.41,0.030000000000000006,30.2,8.05,16.3,62.9,53.85,1018.8100000000001,1015.8399999999999,19.44,23.119999999999997
CoffsHarbour,18.54,26.77,2.645,36.65,14.8,22.5,75.85,64.55,1019.135,1017.365,22.6,25.505000000000003
CoffsHarbour,14.325,23.73,4.045,38.5,16.3,20.7,71.25,66.65,1024.06,1021.97,19.965,21.96
CoffsHarbour,8.39,19.715,0.22999999999999998,37.75,14.15,18.7,67.55,57.4,1021.5649999999999,1018.6450000000001,14.930000000000001,18.369999999999997
CoffsHarbour,12.254999999999999,22.369999999999997,8.02,36.05,12.75,17.8,68.6,64.2,1019.2049999999999,1016.805,18.39,20.81
CoffsHarbour,11.084999999999999,20.18,3.88,39.75,17.35,19.9,70.6,64.0,1027.7549999999999,1025.635,16.5,18.85
CoffsHarbour,12.91,24.77,2.325,43.65,14.85,24.4,61.8,60.8,1025.24,1022.9200000000001,20.935,22.43
CoffsHarbour,8.805,20.895,1.305,34.85,15.0,18.65,62.35,55.9,1022.3950000000001,1019.225,16.78,19.445
CoffsHarbour,10.47,22.14,11.645,37.3,13.4,19.45,64.45,58.1,1020.3950000000001,1017.0350000000001,18.384999999999998,20.919999999999998
CoffsHarbour,20.305,28.27,5.279999999999999,38.75,12.0,22.1,77.1,70.95,1015.53,1013.43,24.494999999999997,26.53
CoffsHarbour,19.68,27.175,2.525,44.6,18.3,24.6,70.75,65.7,1013.96,1012.43,23.84,25.705000000000002
CoffsHarbour,20.759999999999998,28.984999999999996,11.61,49.1,16.5,25.65,75.2,69.3,1013.3700000000001,1010.925,24.994999999999997,26.82
CoffsHarbour,11.97,20.605,7.415000000000001,35.1,15.35,18.85,75.3,65.45,1022.6600000000001,1020.025,16.869999999999997,19.425
CoffsHarbour,16.794999999999998,23.52,17.775,37.4,17.6,20.15,78.2,69.95,1020.825,1018.6700000000001,20.145,22.380000000000003
CoffsHarbour,14.334999999999999,23.994999999999997,3.69,38.95,16.0,21.55,70.65,63.7,1021.365,1018.6049999999999,20.169999999999998,22.509999999999998
CoffsHarbour,9.385,21.990000000000002,6.090000000000001,38.9,14.8,23.0,64.6,58.95,1019.875,1016.805,17.794999999999998,20.44
CoffsHarbour,10.095,21.755000000000003,2.045,34.85,13.15,16.0,65.2,55.25,1017.76,1015.2450000000001,17.665,20.44
CoffsHarbour,9.58,19.775,3.2649999999999997,39.7,14.7,17.75,66.2,58.2,1019.64,1016.7299999999999,15.395,18.605
CoffsHarbour,15.194999999999999,25.145,5.37,47.25,17.95,26.1,63.75,65.1,1017.6450000000001,1015.025,21.580000000000002,23.09
CoffsHarbour,15.89,26.125,0.8699999999999999,43.95,15.0,25.8,63.95,66.7,1016.585,1013.875,22.794999999999998,23.884999999999998
CoffsHarbour,10.9,23.435,1.1400000000000001,40.3,14.45,22.65,53.25,52.1,1014.195,1011.1899999999999,19.575,21.744999999999997
CoffsHarbour,15.905000000000001,24.095,1.08,45.1,19.55,23.95,68.6,66.7,1017.57,1015.11,20.25,22.28
Dartmoor,8.695,19.419999999999998,3.54,39.55,12.1,17.95,80.65,63.0,1016.8399999999999,1016.085,13.16,17.904999999999998
Dartmoor,7.540000000000001,16.119999999999997,2.07,42.3,12.5,19.4,88.15,69.75,1018.115,1016.7049999999999,11.004999999999999,14.594999999999999
Dartmoor,10.45,23.73,1.52,44.3,15.85,19.0,75.55,51.95,1014.2149999999999,1012.115,15.844999999999999,21.94
Dartmoor,11.745000000000001,24.994999999999997,1.8299999999999996,47.7,16.4,21.95,72.4,48.1,1015.3799999999999,1014.29,17.259999999999998,22.830000000000002
Dartmoor,10.28,22.544999999999998,1.41,40.7,13.85,20.45,77.0,52.1,1018.0,1016.135,15.040000000000001,20.96
Dartmoor,10.690000000000001,18.66,2.92,37.45,13.25,17.75,88.2,72.3,1018.79,1017.89,13.245,17.535
Dartmoor,12.375,21.68,3.9899999999999998,39.25,15.15,18.15,82.35,71.45,1015.21,1015.1299999999999,15.73,19.66
Dartmoor,8.025,17.15,2.17,39.3,12.9,19.25,90.05,71.75,1019.11,1017.875,11.23,15.805000000000001
Dartmoor,7.31,14.735,4.970000000000001,43.1,13.05,18.45,93.15,78.45,1016.9799999999999,1015.905,9.785,13.469999999999999
Dartmoor,6.57,14.395,5.36,42.8,16.25,17.25,90.85,79.9,1018.885,1016.915,9.24,13.265
Dartmoor,10.03,23.535,0.55,41.3,14.3,19.3,77.15,52.15,1015.2700000000001,1014.345,15.495,21.634999999999998
Dartmoor,6.970000000000001,19.675,1.11,37.4,13.75,18.55,79.4,58.7,1017.885,1015.76,13.035,18.275
Dartmoor,10.265,22.645,1.1800000000000002,39.2,11.85,19.0,77.5,56.5,1017.985,1016.835,15.320000000000002,20.905
Dartmoor,12.615,23.93,1.08,42.9,12.9,21.6,82.95,55.15,1017.025,1016.095,16.22,21.945
Dartmoor,11.25,25.855,0.31,42.55,11.45,20.9,68.95,43.7,1013.49,1012.6700000000001,17.685,24.145
Dartmoor,9.445,21.585,1.78,42.15,12.1,20.35,80.7,54.1,1019.76,1018.225,14.35,20.03
Dartmoor,11.205,23.580000000000002,1.31,43.4,13.25,21.1,83.4,55.55,1015.6,1013.9549999999999,15.38,21.75
Dartmoor,11.1,21.805,1.04,42.4,12.45,20.8,86.35,59.4,1017.04,1015.5,14.344999999999999,20.36
Dartmoor,6.01,14.725,2.77,40.1,12.35,17.2,92.45,76.8,1019.515,1017.235,9.36,13.485
Dartmoor,6.95,13.919999999999998,5.2700000000000005,42.45,15.7,17.95,91.0,78.8,1014.945,1013.24,9.82,12.895
Dartmoor,9.125,24.875,0.37,38.85,12.45,16.65,76.5,48.6,1020.6899999999999,1018.4950000000001,15.265,23.759999999999998
Dartmoor,9.135,21.3,2.2800000000000002,49.75,17.85,23.65,77.4,55.7,1015.275,1013.3149999999999,14.290000000000001,19.725
Dartmoor,8.97,17.615000000000002,3.18,46.85,16.3,24.45,80.1,66.65,1011.9799999999999,1011.28,13.455000000000002,15.64
Dartmoor,11.925,28.27,1.41,44.1,14.85,22.1,69.45,43.5,1014.655,1013.175,18.16,26.335
Dartmoor,10.015,24.625,0.53,44.55,13.95,23.2,72.6,46.9,1016.7450000000001,1015.625,16.9,23.125
Dartmoor,9.65,18.71,1.43,40.1,14.2,18.9,85.0,70.25,1018.9200000000001,1017.51,13.09,16.965
Dartmoor,7.034999999999999,17.835,1.7100000000000002,34.35,10.75,16.35,91.45,69.7,1019.265,1017.72,10.2,16.835
Dartmoor,7.1450000000000005,17.48,2.9200000000000004,44.3,14.0,21.85,87.15,65.15,1014.85,1013.14,11.22,16.130000000000003
Dartmoor,7.790000000000001,16.405,3.7600000000000002,51.75,19.9,25.7,85.55,68.1,1011.76,1009.68,10.584999999999999,15.4
Dartmoor,6.244999999999999,13.834999999999999,5.5600000000000005,44.1,16.35,18.6,89.55,80.0,1013.36,1011.7299999999999,8.955,12.355
Dartmoor,8.015,18.990000000000002,3.08,44.35,16.75,24.65,86.35,64.5,1017.695,1016.6049999999999,11.9,17.44
Dartmoor,7.6049999999999995,17.31,3.4,43.25,14.35,22.2,87.55,68.8,1018.555,1016.2450000000001,11.754999999999999,15.87
Dartmoor,7.5200000000000005,16.455000000000002,0.9400000000000001,41.5,14.5,23.45,85.85,67.1,1022.26,1021.3399999999999,11.665000000000001,15.02
Dartmoor,13.030000000000001,25.27,2.6399999999999997,45.55,17.15,21.05,78.85,58.35,1010.945,1009.53,17.73,23.27
Dartmoor,11.59,23.544999999999998,4.0600000000000005,43.35,16.25,20.75,80.5,61.4,1014.47,1012.96,16.23,21.485
Dartmoor,9.48,17.565,5.21,44.75,15.15,21.05,92.25,74.05,1014.175,1013.225,12.620000000000001,16.11
Dartmoor,9.33,20.265,1.9100000000000001,40.05,13.5,20.15,85.55,63.95,1017.9200000000001,1016.425,13.334999999999999,18.759999999999998
Dartmoor,11.275,21.080000000000002,1.3199999999999998,43.25,14.15,23.45,87.55,60.8,1019.405,1018.475,14.055000000000001,19.544999999999998
Dartmoor,5.654999999999999,13.215,2.7199999999999998,47.8,16.65,23.25,89.15,78.2,1015.4,1013.365,8.145,11.725
Dartmoor,5.715,13.39,3.94,40.75,15.8,20.2,93.55,82.5,1019.125,1017.225,8.309999999999999,12.02
Dartmoor,9.434999999999999,20.565,0.99,36.65,11.9,18.55,90.65,65.2,1020.975,1019.1850000000001,12.25,19.035
Dartmoor,12.515,24.244999999999997,3.0,36.85,8.3,18.3,81.9,51.85,1017.78,1016.8549999999999,15.91,23.044999999999998
Dartmoor,10.485,21.275,0.38,34.05,9.75,15.3,82.6,57.65,1021.93,1020.0049999999999,13.690000000000001,19.925
Dartmoor,12.17,29.305,0.77,45.25,13.2,22.4,62.25,34.4,1013.575,1012.3100000000001,18.98,27.085
Dartmoor,11.135,26.345,0.8800000000000001,40.75,9.95,19.1,74.0,48.0,1014.01,1012.6,16.64,23.744999999999997
Dartmoor,10.209999999999999,21.615000000000002,1.0,37.4,12.95,17.75,75.95,55.85,1021.22,1019.325,14.285,19.935
Dartmoor,6.63,14.105,4.5200000000000005,46.55,12.3,16.6,86.35,77.1,1013.5350000000001,1011.575,9.985,12.475
Dartmoor,6.7700000000000005,14.855,2.6100000000000003,37.45,10.95,17.9,86.7,72.25,1017.51,1015.68,10.105,13.419999999999998
Dartmoor,8.785,16.555,2.8600000000000003,43.75,13.5,18.1,86.55,75.45,1011.65,1009.72,11.834999999999999,14.919999999999998
Dartmoor,6.415000000000001,15.205000000000002,4.76,34.5,9.8,15.5,92.9,72.45,1019.125,1017.64,9.315000000000001,14.155000000000001
Dartmoor,8.95,18.830000000000002,3.2699999999999996,40.55,11.4,17.25,83.8,68.9,1013.03,1011.65,12.67,16.755000000000003
Dartmoor,9.4,23.869999999999997,0.45999999999999996,40.25,12.9,19.5,86.05,49.55,1015.47,1014.0899999999999,15.294999999999998,21.89
Dartmoor,11.695,23.905,3.8,45.65,14.45,21.65,86.2,58.0,1011.635,1010.47,16.895,22.15
Dartmoor,7.034999999999999,16.175,2.2600000000000002,42.65,13.9,19.95,95.65,74.95,1019.79,1018.8100000000001,10.33,14.344999999999999
Dartmoor,6.215,18.585,1.49,36.65,10.15,17.35,95.2,63.35,1020.1299999999999,1018.325,10.97,17.27
Dartmoor,8.445,21.244999999999997,0.65,42.85,14.1,21.1,81.45,52.65,1016.8950000000001,1015.35,14.044999999999998,19.725
Dartmoor,6.319999999999999,21.244999999999997,0.29000000000000004,33.85,8.75,16.2,79.25,47.95,1026.79,1024.47,12.375,20.125
Dartmoor,9.425,24.405,0.5599999999999999,38.9,14.7,17.45,71.05,44.15,1018.195,1016.0649999999999,15.044999999999998,22.735
Dartmoor,12.6,23.830000000000002,1.59,40.3,11.9,18.45,87.85,56.2,1017.4399999999999,1016.305,15.86,22.240000000000002
Dartmoor,9.45,21.815,1.17,39.6,10.6,20.25,91.8,62.65,1019.15,1017.8549999999999,13.809999999999999,20.065
Dartmoor,10.225,21.134999999999998,1.69,39.5,11.4,20.2,88.8,61.85,1013.305,1013.0049999999999,13.75,19.375
Dartmoor,10.355,22.865000000000002,0.86,41.6,14.35,19.7,75.0,57.1,1014.025,1013.2549999999999,15.540000000000001,20.634999999999998
Dartmoor,8.485,17.535,3.2600000000000002,43.7,14.55,20.4,78.3,72.65,1016.7950000000001,1016.4950000000001,13.175,15.885
Dartmoor,11.7,23.634999999999998,1.0,38.05,11.35,18.5,82.35,56.15,1018.6899999999999,1017.905,15.580000000000002,21.755000000000003
Darwin,23.75,32.87,1.09,40.9,19.75,20.75,66.3,45.4,1012.6600000000001,1009.25,27.330000000000002,31.885
Darwin,23.985,32.29,16.11,37.9,14.6,17.9,73.85,55.6,1010.075,1006.925,27.46,31.05
Darwin,22.02,32.355000000000004,0.05,42.65,20.85,22.8,60.95,40.0,1013.28,1009.5,25.8,31.32
Darwin,20.255000000000003,31.810000000000002,0.0,43.85,18.65,22.95,53.55,31.75,1013.985,1010.0799999999999,24.580000000000002,30.695
Darwin,22.115000000000002,32.019999999999996,1.07,39.1,17.65,19.35,57.95,41.4,1013.155,1009.5600000000001,26.044999999999998,30.785000000000004
Darwin,24.365000000000002,34.045,0.47000000000000003,36.8,12.9,22.7,65.35,46.95,1013.25,1009.075,29.244999999999997,32.6
Darwin,21.29,33.065,1.06,36.45,11.1,22.1,71.9,45.6,1014.595,1010.2549999999999,26.669999999999998,31.375
Darwin,25.505000000000003,32.455,4.209999999999999,48.2,16.75,25.4,77.1,67.95,1008.5450000000001,1005.6700000000001,28.85,30.485000000000003
Darwin,24.759999999999998,32.72,9.440000000000001,42.25,13.8,21.0,75.4,64.9,1009.595,1006.4,28.73,30.96
Darwin,23.895,32.519999999999996,4.99,41.65,14.5,22.05,73.7,59.95,1010.4799999999999,1007.22,28.02,30.65
Darwin,24.855,32.345,6.01,43.2,13.35,20.65,79.55,63.8,1009.0,1005.6299999999999,28.1,31.01
Darwin,24.865000000000002,31.01,20.970000000000002,52.5,18.25,26.0,83.6,73.9,1006.025,1003.3799999999999,27.77,29.615
Darwin,23.134999999999998,32.935,0.01,38.45,19.15,19.65,66.15,40.0,1013.305,1009.6049999999999,26.79,32.2
Darwin,24.625,32.775,5.380000000000001,38.5,13.3,20.8,76.0,61.75,1011.1,1007.9649999999999,27.96,30.619999999999997
Darwin,24.369999999999997,33.714999999999996,1.2,34.9,13.15,20.2,70.3,47.9,1011.5450000000001,1007.8399999999999,28.610000000000003,32.5
Darwin,23.02,33.235,0.13,38.65,10.65,23.2,68.9,48.6,1013.5200000000001,1009.415,27.775,31.625
Darwin,23.134999999999998,33.5,0.76,39.75,17.3,22.55,59.5,44.25,1013.8299999999999,1009.555,27.78,31.765000000000004
Darwin,24.78,32.239999999999995,7.68,38.2,13.05,16.7,78.3,67.35,1009.265,1006.515,28.575,30.46
Darwin,24.185,33.1,13.170000000000002,45.1,11.6,22.15,72.35,63.65,1010.265,1006.615,29.064999999999998,31.160000000000004
Darwin,19.205000000000002,31.885,0.06,41.1,14.05,21.3,61.4,34.1,1015.275,1011.03,24.805,30.285000000000004
Darwin,20.175,31.365,0.16,42.55,18.3,19.85,59.45,35.25,1015.3799999999999,1011.5350000000001,24.47,30.235000000000003
Darwin,21.18,32.595,2.6100000000000003,42.05,18.4,21.4,57.0,37.7,1014.1850000000001,1009.9799999999999,25.905,31.15
Darwin,23.485,33.095,4.08,39.75,10.55,22.15,73.2,56.3,1012.415,1008.5200000000001,27.935000000000002,31.589999999999996
Darwin,22.53,32.5,0.02,35.9,12.75,23.5,65.8,46.85,1013.7700000000001,1009.725,27.05,31.345
Darwin,23.35,29.93,37.440000000000005,52.75,20.95,25.5,82.9,71.0,1007.9549999999999,1005.2700000000001,26.189999999999998,28.360000000000003
Darwin,18.32,31.695,0.63,43.4,15.45,22.75,55.65,31.7,1015.1850000000001,1011.29,23.205000000000002,30.189999999999998
Darwin,18.0,30.064999999999998,0.12999999999999998,37.25,17.55,16.05,54.75,35.65,1014.2700000000001,1010.4649999999999,22.735,28.93
Darwin,19.835,29.73,4.69,40.15,18.5,17.85,67.9,47.05,1011.8,1008.225,23.155,28.585
Darwin,21.16,31.0,1.6900000000000002,40.9,19.6,18.7,59.05,39.8,1013.2850000000001,1009.74,24.77,30.15
Darwin,18.9,29.95,0.13,38.1,18.9,18.05,52.75,35.15,1013.99,1010.3399999999999,22.79,29.225
Darwin,22.79,31.735000000000003,2.71,40.4,20.9,20.7,66.1,45.1,1011.875,1008.5899999999999,25.865,31.145
Darwin,17.515,30.630000000000003,0.41,38.95,17.45,20.55,52.8,33.9,1016.2049999999999,1012.0899999999999,22.91,29.45
Darwin,17.07,29.97,0.0,40.3,20.7,17.65,46.25,27.95,1016.07,1012.0450000000001,21.205000000000002,28.895
Darwin,22.425,32.855000000000004,2.0,39.2,16.65,20.4,69.45,47.15,1011.7450000000001,1008.1299999999999,26.580000000000002,31.78
Darwin,24.98,32.845,7.0,46.8,16.25,18.1,77.3,66.9,1006.7299999999999,1003.8299999999999,28.610000000000003,30.794999999999998
Darwin,25.11,32.81,23.919999999999998,40.4,13.15,20.15,75.9,66.05,1007.2450000000001,1004.175,28.775,31.35
Darwin,24.9,32.63,3.15,40.35,14.9,21.9,74.2,62.85,1010.5600000000001,1007.1899999999999,29.095,31.089999999999996
Darwin,24.8,32.12,5.89,41.8,13.65,17.2,79.95,69.15,1008.195,1005.2700000000001,28.085,30.040000000000003
Darwin,23.085,32.54,1.56,42.2,21.75,20.2,59.45,44.25,1012.54,1008.8549999999999,26.330000000000002,31.345
Darwin,23.895,33.31,0.19,37.9,15.95,19.35,68.0,46.15,1013.415,1009.6850000000001,27.714999999999996,32.315
Darwin,22.65,33.28,0.0,36.45,12.6,20.25,68.1,42.3,1014.2,1010.28,27.23,32.135000000000005
Darwin,23.28,33.045,0.41999999999999993,40.25,15.35,24.15,66.35,46.9,1014.075,1010.2149999999999,27.555,31.285000000000004
Darwin,18.634999999999998,31.055,2.37,38.95,19.65,20.45,53.45,37.15,1014.845,1011.03,23.3,29.514999999999997
Darwin,25.639999999999997,32.515,6.7,40.2,11.3,19.15,75.9,69.3,1011.24,1008.3549999999999,29.425,30.52
Darwin,25.4,31.994999999999997,15.9,46.75,15.15,21.2,79.4,68.0,1009.01,1006.2450000000001,28.48,30.660000000000004
Darwin,25.28,33.46,6.7700000000000005,45.5,15.45,23.3,76.5,59.1,1010.865,1007.775,28.964999999999996,32.125
Darwin,24.905,34.315,3.4200000000000004,43.65,10.8,19.1,72.0,53.1,1011.9549999999999,1008.5350000000001,29.35,33.185
Darwin,25.345000000000002,33.144999999999996,7.5200000000000005,38.15,10.5,17.6,78.8,66.65,1011.4100000000001,1008.07,29.055,31.53
Darwin,24.2,32.0,10.870000000000001,38.75,11.6,17.1,79.05,63.0,1010.135,1006.8549999999999,27.35,30.625
Darwin,24.919999999999998,32.045,18.66,40.55,14.15,19.7,79.9,67.3,1008.825,1005.875,27.79,30.73
Darwin,22.535,31.964999999999996,2.4799999999999995,40.05,17.1,18.65,55.95,38.2,1013.5200000000001,1010.085,25.814999999999998,31.169999999999998
Darwin,22.265,32.2,0.25999999999999995,33.95,12.6,15.65,63.1,42.4,1013.835,1010.4200000000001,25.93,31.330000000000002
Darwin,23.695,32.9,3.75,36.3,13.05,16.75,65.15,50.85,1011.9549999999999,1008.3399999999999,27.72,31.385
Darwin,25.115000000000002,33.29,9.4,38.8,9.9,18.0,72.2,59.45,1011.165,1007.2450000000001,29.275,31.895
Darwin,24.669999999999998,33.365,13.719999999999999,41.7,14.3,21.6,70.25,54.35,1011.9799999999999,1007.95,29.080000000000002,31.860000000000003
Darwin,25.294999999999998,31.99,19.66,38.95,12.2,22.0,81.75,70.65,1006.865,1004.135,28.02,30.380000000000003
Darwin,25.3,33.175,6.909999999999999,36.35,9.85,17.55,76.15,64.95,1008.7049999999999,1005.5600000000001,29.32,31.47
Darwin,25.235,33.33,14.3,41.35,11.95,17.35,75.4,61.1,1010.03,1006.525,28.78,31.665
Darwin,25.32,34.13,2.69,37.6,13.4,23.15,66.2,53.65,1011.335,1007.5450000000001,29.889999999999997,31.985000000000003
Darwin,24.68,34.025,2.6399999999999997,38.75,12.9,21.15,66.15,50.9,1011.9100000000001,1007.9950000000001,29.325,32.525
Darwin,25.009999999999998,32.635000000000005,13.2,46.5,14.6,23.25,78.4,66.75,1009.175,1006.22,28.675,30.915
Darwin,25.435,32.394999999999996,12.28,42.0,16.35,21.65,81.7,67.5,1008.0200000000001,1005.0350000000001,28.125,30.810000000000002
Darwin,21.23,31.889999999999997,1.73,39.2,16.6,22.45,71.05,45.25,1014.4799999999999,1010.5600000000001,25.235,30.595
Darwin,19.06,31.419999999999998,0.0,40.25,19.55,19.15,53.45,33.05,1015.24,1011.3399999999999,23.525,30.445
GoldCoast,21.77,29.235000000000003,4.4399999999999995,40.3,18.75,26.4,67.05,69.5,1015.425,1012.5450000000001,26.555,26.485000000000003
GoldCoast,19.265,27.555,2.5,39.15,18.5,23.75,62.35,65.35,1019.325,1016.7299999999999,24.855,24.895000000000003
GoldCoast,21.305,28.814999999999998,1.19,42.75,23.15,27.2,67.8,65.35,1019.32,1017.2299999999999,26.01,26.764999999999997
GoldCoast,20.45,27.65,1.6,45.7,24.05,28.05,69.5,64.6,1017.68,1014.9,24.72,26.04
GoldCoast,22.095,29.919999999999998,5.55,42.4,19.6,28.45,64.7,64.05,1013.2450000000001,1010.8700000000001,27.335,27.964999999999996
GoldCoast,21.884999999999998,29.455000000000002,10.1,46.4,21.2,26.4,69.7,68.7,1015.82,1013.765,26.365,27.160000000000004
GoldCoast,11.364999999999998,21.21,1.4,40.9,16.95,20.7,68.3,55.15,1017.3,1014.625,16.255000000000003,19.515
GoldCoast,12.185,22.32,2.3899999999999997,39.9,17.6,22.55,57.75,50.5,1020.325,1017.6700000000001,17.965,20.9
GoldCoast,14.055000000000001,22.119999999999997,7.37,49.55,24.4,26.5,72.1,64.45,1018.9649999999999,1016.24,18.57,20.6
GoldCoast,14.89,25.79,0.47000000000000003,41.9,16.4,26.4,51.95,50.85,1015.6299999999999,1011.97,22.044999999999998,23.66
GoldCoast,13.66,24.595,0.67,35.25,14.8,24.05,60.85,56.65,1021.3950000000001,1017.85,20.405,22.62
GoldCoast,14.495,25.23,0.41,36.25,17.1,23.15,61.75,60.05,1018.8950000000001,1015.265,20.490000000000002,22.705000000000002
GoldCoast,20.565,28.325,5.93,43.75,21.35,24.7,69.95,64.85,1015.71,1013.6,25.04,26.395
GoldCoast,19.98,27.155,2.72,42.7,19.1,24.05,71.6,66.8,1017.5649999999999,1015.2,24.46,25.19
GoldCoast,17.759999999999998,27.044999999999998,3.5100000000000002,41.75,20.95,25.05,61.75,58.6,1015.43,1013.0450000000001,23.455000000000002,25.380000000000003
GoldCoast,20.755000000000003,27.110000000000003,7.35,41.4,19.1,24.5,71.85,73.05,1015.93,1013.585,24.79,25.035
GoldCoast,19.794999999999998,27.68,0.6,44.55,21.8,25.5,63.25,64.7,1016.9950000000001,1015.115,25.29,25.544999999999998
GoldCoast,21.544999999999998,27.889999999999997,12.7,50.0,26.3,31.35,72.7,74.3,1010.3299999999999,1008.9,25.53,25.465
GoldCoast,13.87,22.5,0.2,37.55,17.6,24.1,65.45,59.75,1022.8100000000001,1020.235,18.715,20.794999999999998
GoldCoast,13.48,23.009999999999998,1.22,37.8,17.35,22.9,63.8,54.3,1022.46,1019.6899999999999,18.79,21.365000000000002
GoldCoast,14.575,23.175,10.28,39.15,16.0,20.9,66.25,59.65,1015.905,1013.325,19.32,21.16
GoldCoast,15.76,23.395,5.08,41.15,16.95,24.25,68.6,67.6,1020.975,1018.235,20.255000000000003,21.1
GoldCoast,16.06,23.815,16.02,47.95,22.35,28.5,68.65,69.15,1018.9950000000001,1015.985,20.619999999999997,21.759999999999998
GoldCoast,11.92,21.315,3.72,40.9,15.6,21.3,57.5,51.3,1017.845,1014.575,17.259999999999998,20.04
GoldCoast,19.48,27.71,0.97,37.0,18.3,25.5,64.15,61.6,1018.805,1016.01,24.8,25.875
GoldCoast,20.369999999999997,27.77,1.7399999999999998,43.05,22.15,27.9,77.8,70.7,1017.39,1015.085,24.855,26.2
GoldCoast,18.2,26.51,1.1099999999999999,35.25,15.9,23.6,70.0,65.05,1019.3950000000001,1016.635,22.875,24.71
GoldCoast,20.02,28.4,1.8699999999999999,44.4,20.35,31.05,70.25,69.3,1016.9649999999999,1014.625,25.41,26.110000000000003
GoldCoast,20.095,28.119999999999997,2.16,43.65,20.25,29.2,68.6,69.5,1016.1049999999999,1013.47,25.68,25.56
GoldCoast,21.11,29.189999999999998,2.2,47.4,19.7,28.5,74.9,75.8,1013.875,1011.2450000000001,26.025,26.65
GoldCoast,17.575,26.46,2.1100000000000003,43.2,21.3,27.1,62.5,65.85,1018.6,1016.175,23.43,23.740000000000002
GoldCoast,16.125,24.009999999999998,1.22,38.55,16.65,24.6,66.65,66.35,1018.96,1015.415,21.119999999999997,22.025
GoldCoast,19.22,27.76,1.78,37.65,16.15,23.1,69.0,70.3,1015.6200000000001,1012.725,25.265,25.145
GoldCoast,15.38,24.375,0.18,39.1,16.4,25.05,65.8,61.85,1019.55,1015.8700000000001,20.155,22.330000000000002
GoldCoast,13.719999999999999,21.185,13.419999999999998,42.65,21.2,21.45,63.8,56.0,1017.1600000000001,1014.4799999999999,17.47,19.715
GoldCoast,12.915000000000001,21.994999999999997,3.4799999999999995,39.5,16.6,21.65,65.45,60.0,1021.985,1019.6700000000001,18.165,20.335
GoldCoast,17.61,26.695,2.98,42.4,17.25,26.55,68.7,61.65,1014.845,1011.555,22.925,24.64
GoldCoast,21.975,29.725,4.380000000000001,40.75,19.75,25.1,67.3,66.05,1013.1850000000001,1011.405,26.75,27.330000000000002
GoldCoast,20.46,28.685000000000002,14.030000000000001,43.7,17.1,25.45,70.7,65.3,1015.25,1012.775,25.085,26.6
GoldCoast,20.55,29.1,3.5100000000000002,47.05,22.2,28.35,66.65,65.1,1014.905,1012.47,26.119999999999997,26.475
GoldCoast,19.009999999999998,26.645,8.93,49.4,23.6,28.35,70.3,67.8,1017.0799999999999,1014.595,23.785,24.78
GoldCoast,21.375,29.29,7.469999999999999,44.7,19.65,26.85,69.7,65.9,1012.085,1009.775,26.165,27.455000000000002
GoldCoast,19.48,26.99,1.9300000000000002,46.65,23.1,28.1,68.45,61.2,1017.36,1014.665,23.815,25.18
GoldCoast,12.43,23.085,0.93,37.85,13.9,24.0,62.35,56.0,1020.5350000000001,1017.53,18.315,21.07
GoldCoast,17.244999999999997,25.945,1.56,39.45,19.3,27.1,66.85,66.9,1020.93,1017.51,22.96,23.52
GoldCoast,14.540000000000001,23.770000000000003,0.6399999999999999,43.35,19.85,25.25,62.45,59.05,1025.135,1022.1450000000001,19.955000000000002,21.705000000000002
GoldCoast,14.325,23.775,0.9299999999999999,38.15,18.65,21.75,65.95,55.6,1020.5649999999999,1018.3100000000001,19.625,22.39
GoldCoast,12.74,21.45,2.2700000000000005,39.5,18.3,18.95,69.75,55.6,1021.75,1018.6049999999999,16.880000000000003,20.44
GoldCoast,13.3,22.28,2.38,38.95,17.8,21.05,74.7,62.95,1021.9100000000001,1018.9549999999999,17.905,20.880000000000003
GoldCoast,16.235,26.145,0.06000000000000001,42.45,19.45,27.65,58.6,59.6,1019.575,1015.8399999999999,22.47,23.555
GoldCoast,17.93,26.685000000000002,2.21,47.4,23.0,30.05,60.15,65.1,1017.7950000000001,1014.53,23.8,24.09
GoldCoast,17.134999999999998,25.865,1.29,42.3,21.45,25.8,60.35,62.85,1020.2450000000001,1017.275,22.895000000000003,23.0
GoldCoast,13.540000000000001,20.775,7.459999999999999,41.85,17.15,25.2,75.8,65.6,1023.275,1020.825,16.84,19.25
GoldCoast,11.89,22.22,2.2,38.15,14.4,19.3,59.2,50.4,1017.14,1013.915,17.384999999999998,20.855
GoldCoast,13.444999999999999,22.84,0.9399999999999998,36.45,16.35,20.9,64.5,56.75,1020.2549999999999,1017.5049999999999,18.475,21.255000000000003
GoldCoast,20.965,28.380000000000003,6.65,40.1,18.8,24.6,69.35,64.4,1018.6600000000001,1016.225,25.48,26.51
GoldCoast,18.330000000000002,25.97,1.27,42.75,20.65,27.45,65.9,63.1,1020.1899999999999,1017.835,22.555,24.0
GoldCoast,17.435,26.48,1.2,41.05,17.65,25.95,60.2,54.65,1017.5649999999999,1014.8399999999999,22.985,24.925
GoldCoast,19.79,27.74,1.67,44.35,21.55,29.6,63.3,65.15,1015.75,1013.4649999999999,25.035,25.0
GoldCoast,21.105,28.95,1.55,46.1,23.45,29.25,62.6,65.4,1012.555,1010.04,26.075,26.225
GoldCoast,21.035,28.064999999999998,2.0100000000000002,46.5,23.75,30.35,65.45,62.55,1016.2850000000001,1014.53,25.265,25.99
GoldCoast,16.240000000000002,24.435,1.54,44.15,23.4,28.5,70.3,65.95,1022.0,1019.425,21.165,22.475
GoldCoast,16.75,24.925,1.8399999999999999,44.8,22.2,26.55,71.05,64.75,1019.8399999999999,1017.665,21.6,22.585
GoldCoast,14.735,23.035,4.16,44.75,21.2,27.25,79.35,73.0,1021.525,1019.14,19.285,21.380000000000003
Hobart,6.3549999999999995,13.485,2.55,63.85,20.95,22.15,67.15,57.5,1008.975,1008.03,9.315000000000001,11.8
Hobart,5.775,14.190000000000001,0.29,49.95,21.0,17.5,65.85,52.6,1015.46,1013.2149999999999,8.89,12.905000000000001
Hobart,8.0,14.51,1.7600000000000002,48.5,19.5,16.45,72.5,56.95,1012.175,1010.8799999999999,10.059999999999999,13.36
Hobart,5.985,13.41,4.93,48.95,17.45,15.75,74.75,62.15,1012.45,1011.22,8.945,12.175
Hobart,9.9,18.45,3.62,56.9,20.2,25.0,61.25,48.25,1007.22,1005.51,13.325,17.1
Hobart,11.325,21.35,1.17,59.15,20.25,24.6,54.1,43.45,1007.865,1006.225,15.354999999999999,19.384999999999998
Hobart,8.025,16.8,0.86,39.9,14.7,19.15,67.1,58.6,1012.5600000000001,1009.99,12.55,15.45
Hobart,8.36,17.22,3.6,58.05,21.65,23.2,61.65,42.1,1007.7049999999999,1006.5200000000001,11.92,16.235
Hobart,10.51,19.4,2.2,52.6,14.75,22.75,63.25,49.9,1011.64,1009.555,13.929999999999998,17.485
Hobart,10.86,21.31,0.25999999999999995,43.85,14.1,21.55,57.9,50.6,1015.74,1013.97,15.680000000000001,18.990000000000002
Hobart,8.055,17.16,0.72,46.85,18.4,21.75,62.2,46.65,1017.18,1015.51,11.73,15.530000000000001
Hobart,7.435,18.65,0.39,50.95,17.35,21.35,59.35,44.2,1021.115,1019.05,11.86,16.96
Hobart,10.41,20.43,0.9099999999999999,45.85,16.65,20.6,58.15,42.35,1018.3399999999999,1016.1700000000001,14.16,19.115000000000002
Hobart,11.084999999999999,20.57,1.7100000000000002,52.5,16.05,22.75,67.0,47.2,1014.5899999999999,1011.9799999999999,14.065000000000001,18.994999999999997
Hobart,13.594999999999999,21.615000000000002,0.3,42.7,13.3,22.65,58.2,49.55,1016.7149999999999,1015.32,16.765,19.45
Hobart,14.005,23.82,0.13999999999999999,44.55,15.75,18.45,61.15,48.6,1016.78,1014.615,17.845,21.91
Hobart,11.36,19.53,0.78,49.45,16.2,22.4,65.35,48.9,1012.975,1011.915,14.84,17.975
Hobart,9.305,17.715,2.72,44.65,16.35,19.65,70.5,58.15,1019.32,1017.135,12.8,16.31
Hobart,7.1,15.325,2.17,43.35,16.15,16.65,73.1,58.7,1017.235,1015.57,9.57,13.35
Hobart,4.665,13.165000000000001,0.36,36.9,11.75,13.15,82.65,64.8,1020.7049999999999,1018.82,7.2,12.03
Hobart,6.709999999999999,15.959999999999999,1.3800000000000001,53.85,17.1,19.95,64.65,48.1,1012.115,1010.5600000000001,10.115,14.819999999999999
Hobart,13.715,24.080000000000002,1.6199999999999999,43.7,15.1,21.0,61.25,49.8,1015.4649999999999,1013.555,17.775,21.73
Hobart,13.155000000000001,21.335,1.33,45.65,12.7,21.0,64.15,56.95,1014.2450000000001,1012.76,16.71,19.03
Hobart,11.495000000000001,20.41,1.78,40.2,13.8,17.15,69.25,56.05,1016.2549999999999,1014.615,14.48,18.630000000000003
Hobart,11.25,20.465,2.1399999999999997,34.15,13.35,17.35,74.2,57.65,1019.9649999999999,1017.8299999999999,14.25,18.825
Hobart,12.715,22.195,0.45999999999999996,46.3,14.15,21.4,68.6,51.0,1015.39,1013.1600000000001,15.38,20.185
Hobart,10.625,19.845,1.65,38.75,13.55,13.85,71.85,58.95,1020.7049999999999,1019.4050000000001,14.184999999999999,18.080000000000002
Hobart,13.65,23.725,0.39,54.5,19.0,23.45,56.25,44.9,1009.3100000000001,1007.8700000000001,17.544999999999998,22.2
Hobart,10.795,21.04,0.41000000000000003,51.85,19.5,20.85,54.4,42.15,1012.3549999999999,1011.0,14.41,18.81
Hobart,6.235,14.209999999999999,2.7800000000000002,54.15,19.4,23.65,62.4,54.0,1010.625,1009.265,9.975,12.370000000000001
Hobart,6.57,15.51,1.54,51.25,15.35,20.7,64.6,48.9,1009.79,1008.2700000000001,10.15,14.065000000000001
Hobart,7.51,14.715,1.27,35.55,11.75,13.05,76.4,60.75,1020.1899999999999,1018.43,9.795,13.45
Hobart,7.25,15.91,0.42000000000000004,50.05,16.65,21.05,60.15,48.9,1016.4649999999999,1015.385,11.235,14.505
Hobart,8.985,18.45,2.07,59.15,18.7,24.9,58.05,46.15,1008.985,1007.115,13.040000000000001,16.384999999999998
Hobart,9.43,17.335,2.27,44.35,14.45,21.4,61.8,59.9,1015.925,1015.21,13.26,15.285
Hobart,7.639999999999999,16.259999999999998,1.09,62.95,23.85,23.55,59.35,43.9,1007.905,1005.97,11.07,15.125
Hobart,7.885,16.365000000000002,1.19,55.85,21.05,24.6,59.75,45.6,1008.4549999999999,1006.515,11.895,14.965
Hobart,12.795,23.055,0.4,46.9,15.45,22.25,63.05,51.7,1011.765,1010.485,16.79,20.095
Hobart,12.375,23.19,0.07999999999999999,49.5,14.2,22.1,63.9,40.75,1016.135,1014.49,15.6,21.46
Hobart,12.015,23.125,0.9800000000000001,51.7,19.05,22.15,57.9,45.5,1011.885,1009.4100000000001,15.955000000000002,21.384999999999998
Hobart,12.125,22.69,0.22999999999999998,50.3,17.25,22.9,55.85,45.6,1012.865,1011.275,16.509999999999998,20.505000000000003
Hobart,12.095,21.46,0.6900000000000001,42.15,14.45,19.65,69.8,53.25,1016.925,1014.905,14.975,19.875
Hobart,11.379999999999999,20.384999999999998,0.9400000000000001,46.15,12.95,19.95,61.5,51.8,1017.325,1014.805,14.594999999999999,18.78
Hobart,9.49,19.125,1.65,43.95,13.15,16.6,61.65,56.25,1014.4950000000001,1012.9799999999999,13.535,16.755000000000003
Hobart,12.385,24.2,0.43999999999999995,54.1,14.0,25.65,54.4,38.7,1012.6049999999999,1010.6,16.56,21.744999999999997
Hobart,6.38,14.569999999999999,2.48,49.95,19.2,20.75,69.0,55.75,1017.03,1016.03,9.815000000000001,13.030000000000001
Hobart,6.62,13.3,4.66,46.1,18.75,18.85,74.65,58.8,1018.24,1016.7850000000001,8.735,12.334999999999999
Hobart,7.385,15.780000000000001,0.85,47.65,16.0,20.75,69.95,58.35,1019.1,1017.165,10.34,14.41
Hobart,8.084999999999999,16.785,0.45,40.4,18.05,15.75,71.25,53.75,1017.835,1015.43,11.05,15.434999999999999
Hobart,11.925,19.785,1.23,40.55,13.7,17.0,70.1,60.15,1017.3799999999999,1015.7450000000001,14.834999999999999,18.134999999999998
Hobart,11.26,20.06,0.8300000000000001,47.5,16.25,22.4,67.55,53.9,1014.82,1012.7700000000001,14.115,18.044999999999998
Hobart,11.51,21.25,0.8,48.7,15.7,21.6,58.95,44.8,1009.6,1008.1600000000001,15.605,19.66
Hobart,12.03,20.665,1.9100000000000001,50.05,16.45,24.0,61.2,53.95,1010.97,1008.875,15.74,18.61
Hobart,10.434999999999999,18.035,1.75,51.85,16.55,21.3,68.1,52.6,1014.345,1013.4649999999999,13.194999999999999,16.28
Hobart,4.91,12.07,1.83,55.6,21.4,21.35,65.5,57.35,1015.0600000000001,1012.665,7.37,10.895
Hobart,6.4,14.040000000000001,0.6,46.55,15.7,15.05,69.65,54.3,1016.3,1015.3299999999999,9.44,12.86
Hobart,8.059999999999999,16.145,0.78,44.45,16.3,16.95,67.6,55.45,1019.15,1017.03,11.095,14.680000000000001
Hobart,7.6,15.180000000000001,2.95,51.95,16.9,18.5,71.6,60.7,1013.51,1011.845,10.855,13.64
Hobart,5.3149999999999995,12.969999999999999,0.27,35.75,13.45,12.8,77.65,61.4,1018.975,1016.675,7.7299999999999995,12.02
Hobart,6.65,14.13,3.16,42.2,13.55,13.0,76.7,60.4,1015.55,1013.585,8.940000000000001,12.930000000000001
Hobart,10.370000000000001,18.505000000000003,1.2799999999999998,46.7,17.85,13.7,70.35,57.15,1015.57,1014.28,13.15,16.985
Hobart,7.49,15.55,2.04,49.8,14.45,19.4,72.65,61.3,1014.1,1011.9799999999999,10.555,14.290000000000001
Hobart,9.27,18.580000000000002,1.19,54.1,21.95,20.55,57.35,45.75,1014.2299999999999,1013.39,12.830000000000002,16.84
Hobart,9.315000000000001,19.375,0.79,53.2,18.0,18.75,56.55,41.55,1014.3149999999999,1012.9350000000001,13.165000000000001,17.775
Melbourne,12.844999999999999,20.5,2.3600000000000003,39.5,13.75,21.25,73.2,55.6,1018.515,1017.18,14.505,19.02
Melbourne,11.975,20.85,1.75,44.55,19.8,22.25,68.4,55.7,1015.85,1013.975,14.830000000000002,18.965
Melbourne,16.765,25.78,4.52,46.7,20.15,22.55,70.45,55.7,1013.0649999999999,1012.1,19.565,23.46
Melbourne,12.110000000000001,22.345,6.18,46.2,19.1,24.05,68.5,48.55,1018.135,1016.515,15.375,20.565
Melbourne,10.459999999999999,20.119999999999997,1.22,48.85,22.3,23.65,61.65,47.35,1019.595,1018.5,14.105,18.47
Melbourne,8.709999999999999,17.735,2.6,50.25,24.95,25.8,68.4,49.7,1020.7,1018.865,11.425,16.27
Melbourne,8.92,16.380000000000003,1.2,50.25,22.15,22.7,71.6,56.55,1020.6200000000001,1018.43,11.18,15.385
Melbourne,8.595,15.965,1.7899999999999998,46.2,18.55,22.95,74.25,58.4,1017.4549999999999,1014.5450000000001,10.559999999999999,14.615
Melbourne,7.965000000000001,15.825,1.29,50.8,21.95,25.35,66.15,52.2,1018.1049999999999,1016.1850000000001,10.690000000000001,14.544999999999998
Melbourne,7.82,15.01,1.8399999999999999,37.25,14.5,18.4,81.0,63.4,1025.435,1023.885,9.68,13.6
Melbourne,7.42,14.8,1.28,39.95,19.65,21.25,75.0,63.45,1024.025,1022.0450000000001,9.665000000000001,13.6
Melbourne,16.630000000000003,25.36,3.7399999999999998,50.55,22.8,22.7,66.55,56.7,1014.72,1013.11,19.419999999999998,23.009999999999998
Melbourne,12.6,23.240000000000002,1.4899999999999998,47.35,20.6,24.15,59.6,48.7,1013.325,1011.96,16.71,20.79
Melbourne,11.23,19.975,4.45,48.65,24.8,27.5,64.6,53.15,1018.5,1016.4100000000001,14.419999999999998,18.43
Melbourne,11.11,21.494999999999997,1.15,41.5,15.15,22.35,62.2,42.2,1019.7700000000001,1017.875,14.080000000000002,20.31
Melbourne,14.55,25.37,0.99,47.9,21.3,23.0,66.95,43.7,1017.085,1015.265,17.06,23.91
Melbourne,14.505,25.09,0.11000000000000001,47.8,19.15,25.35,56.15,42.15,1012.865,1011.7149999999999,18.035,23.009999999999998
Melbourne,16.130000000000003,27.669999999999998,0.04,46.35,15.95,22.9,65.95,45.1,1015.0200000000001,1013.4799999999999,19.395,25.27
Melbourne,8.190000000000001,15.444999999999999,0.9099999999999999,40.15,16.25,19.5,79.45,61.75,1020.53,1018.4649999999999,10.035,14.405000000000001
Melbourne,11.385000000000002,21.16,1.2,37.65,16.3,20.4,69.8,50.15,1022.515,1019.9549999999999,14.225,20.119999999999997
Melbourne,10.475,18.255000000000003,0.9,46.7,21.55,22.65,68.2,56.15,1018.925,1017.0649999999999,13.184999999999999,16.95
Melbourne,8.665000000000001,17.48,0.7200000000000001,47.75,24.25,25.15,58.5,42.75,1021.0049999999999,1019.35,11.89,15.934999999999999
Melbourne,7.115,15.015,0.8099999999999999,54.1,23.6,30.95,73.05,52.15,1020.9649999999999,1018.765,9.695,13.985
Melbourne,7.959999999999999,16.11,2.0100000000000002,54.0,23.85,28.5,67.85,48.45,1014.4100000000001,1012.635,10.58,15.004999999999999
Melbourne,12.559999999999999,22.07,2.56,46.75,19.65,23.2,64.15,48.7,1009.8299999999999,1008.04,15.940000000000001,20.575
Melbourne,11.35,22.105,1.2,47.7,21.7,24.45,58.65,41.05,1019.0799999999999,1017.51,15.12,20.5
Melbourne,11.745000000000001,22.55,0.27,50.4,23.6,25.25,59.7,41.0,1018.5450000000001,1015.8950000000001,15.155000000000001,21.225
Melbourne,17.925,28.740000000000002,3.0700000000000003,50.2,19.15,22.8,64.45,49.5,1012.8950000000001,1011.14,21.205000000000002,26.32
Melbourne,15.765,25.09,1.02,45.75,19.7,22.8,57.95,50.8,1017.2450000000001,1016.155,19.11,23.11
Melbourne,16.244999999999997,26.435000000000002,0.48,47.3,14.9,23.65,62.5,47.3,1015.445,1014.0600000000001,19.605,24.73
Melbourne,9.32,18.475,0.31,42.0,18.9,19.4,72.45,55.3,1020.8149999999999,1018.46,12.040000000000001,17.255000000000003
Melbourne,14.1,23.075,1.0,41.25,18.15,20.95,69.7,51.6,1020.36,1018.9549999999999,16.535,21.47
Melbourne,14.115,23.425,0.3,46.65,22.0,23.6,62.5,44.8,1019.32,1017.0049999999999,17.09,22.07
Melbourne,8.89,17.29,1.61,59.2,28.25,28.65,66.1,45.75,1014.1899999999999,1012.1299999999999,11.325,16.23
Melbourne,8.504999999999999,16.09,0.9200000000000002,52.05,25.1,25.2,69.15,54.85,1014.21,1012.1899999999999,10.93,14.95
Melbourne,8.51,16.73,0.86,55.2,25.9,30.5,66.7,49.95,1017.8399999999999,1015.32,10.510000000000002,15.495
Melbourne,14.794999999999998,26.76,0.5,46.45,20.75,22.75,57.7,42.85,1018.6850000000001,1016.8100000000001,19.294999999999998,24.43
Melbourne,13.059999999999999,21.4,4.970000000000001,54.05,21.55,25.4,60.2,53.7,1011.1600000000001,1009.6,16.0,19.165
Melbourne,10.08,18.64,0.42000000000000004,47.15,21.45,24.0,63.9,46.75,1018.865,1017.345,12.885,17.525
Melbourne,8.885,16.85,0.82,38.25,12.85,16.5,74.15,53.7,1022.03,1019.735,11.53,15.465
Melbourne,9.135,15.95,2.63,35.1,11.2,13.75,76.3,62.75,1017.61,1015.925,11.8,14.669999999999998
Melbourne,10.040000000000001,17.475,1.55,39.95,12.9,15.6,70.0,56.2,1016.625,1014.115,13.044999999999998,16.575
Melbourne,10.895,19.5,0.8800000000000001,46.9,15.65,19.7,69.25,53.6,1016.385,1014.65,14.24,18.2
Melbourne,9.17,16.07,0.7,35.1,12.65,13.95,75.1,63.95,1017.54,1014.905,11.715,15.01
Melbourne,17.185,27.46,1.3399999999999999,38.2,11.6,16.25,59.05,52.45,1010.7700000000001,1009.475,21.119999999999997,24.544999999999998
Melbourne,15.825,25.25,2.93,33.75,10.35,13.45,63.55,51.1,1013.805,1012.7149999999999,19.15,23.34
Melbourne,11.7,18.925,2.71,38.95,13.45,13.9,63.1,55.75,1015.2700000000001,1015.165,14.165000000000001,16.785
Melbourne,11.28,20.855,1.7600000000000002,42.35,11.05,17.85,67.55,54.7,1011.6049999999999,1009.7850000000001,14.715,18.8
Melbourne,12.48,23.130000000000003,0.43000000000000005,40.85,13.0,16.65,64.6,43.55,1014.04,1012.61,15.985,21.18
Melbourne,15.905000000000001,26.22,1.3,44.0,21.05,22.7,63.25,45.8,1018.4350000000001,1016.6299999999999,18.98,24.565
Melbourne,13.35,20.72,1.89,50.15,23.85,21.35,69.45,56.65,1019.585,1018.0049999999999,15.755,19.259999999999998
Melbourne,14.125,24.955000000000002,3.7700000000000005,47.75,23.65,23.75,60.0,48.55,1014.485,1012.9549999999999,18.07,22.695
Melbourne,16.765,28.47,0.76,47.25,23.95,23.5,53.95,43.0,1016.555,1015.3149999999999,20.945,25.825
Melbourne,12.665000000000001,22.369999999999997,1.78,46.5,19.8,22.8,65.2,44.25,1016.8399999999999,1014.8100000000001,15.434999999999999,20.925
Melbourne,11.85,23.05,3.25,47.4,18.5,21.35,61.1,42.7,1018.265,1016.235,15.305000000000001,20.985
Melbourne,14.405000000000001,25.105,0.74,50.9,20.6,20.1,56.15,43.8,1013.0899999999999,1011.0,18.5,23.455000000000002
Melbourne,8.02,14.95,2.54,54.95,23.55,27.1,76.35,55.9,1018.8100000000001,1016.85,9.735,14.069999999999999
Melbourne,8.99,17.89,0.82,42.75,19.35,22.25,67.1,53.45,1022.1299999999999,1020.3799999999999,12.459999999999999,16.765
Melbourne,10.92,19.75,1.1199999999999999,51.8,22.05,21.9,65.7,52.75,1015.835,1013.95,13.755,17.595
Melbourne,10.195,20.365000000000002,1.1400000000000001,52.4,25.3,24.65,58.95,41.5,1019.24,1016.5649999999999,13.844999999999999,19.07
Melbourne,9.02,16.955000000000002,1.73,50.55,24.2,25.6,65.2,53.3,1019.0049999999999,1016.97,11.845,15.75
Melbourne,17.080000000000002,28.714999999999996,0.02,47.55,20.0,23.0,57.1,37.55,1014.5,1012.5799999999999,20.225,26.905
Melbourne,14.515,25.195,1.6300000000000001,47.55,20.1,24.65,63.9,45.75,1014.9799999999999,1012.975,17.84,23.470000000000002
Melbourne,15.885,25.115000000000002,1.6800000000000002,54.1,26.55,28.35,60.7,48.7,1014.6049999999999,1012.625,18.95,23.330000000000002
MelbourneAirport,8.754999999999999,17.919999999999998,0.41,52.65,25.0,27.8,68.9,54.05,1018.9399999999999,1016.8950000000001,12.91,16.715
MelbourneAirport,6.705,14.475,1.58,52.45,24.75,26.9,73.2,58.55,1015.71,1013.6,10.41,13.23
MelbourneAirport,8.504999999999999,17.945,1.75,45.6,19.65,23.15,72.1,57.6,1018.725,1017.03,12.434999999999999,16.294999999999998
MelbourneAirport,9.045,20.04,2.16,57.65,27.65,27.2,61.05,48.85,1012.385,1011.35,13.66,18.315
MelbourneAirport,9.815000000000001,20.275,0.8400000000000001,45.35,18.55,23.3,70.6,51.85,1018.3100000000001,1016.36,13.88,18.84
MelbourneAirport,11.684999999999999,23.915,0.45999999999999996,47.2,22.55,21.25,62.2,44.5,1018.0600000000001,1016.2,16.794999999999998,22.134999999999998
MelbourneAirport,12.01,21.15,3.56,50.05,22.65,26.8,68.7,50.5,1017.8399999999999,1016.3149999999999,15.26,19.919999999999998
MelbourneAirport,5.745,15.73,0.3,39.75,19.05,19.75,75.15,51.0,1023.15,1020.6450000000001,9.370000000000001,15.005
MelbourneAirport,9.09,16.325,5.569999999999999,44.35,23.1,21.75,76.5,62.7,1018.5600000000001,1017.275,12.120000000000001,14.895
MelbourneAirport,10.355,20.06,0.47000000000000003,52.05,25.05,24.2,69.8,54.65,1021.1700000000001,1019.0450000000001,14.51,18.72
MelbourneAirport,11.095,18.715,3.08,43.0,20.6,18.5,74.65,62.4,1018.195,1016.265,14.38,17.580000000000002
MelbourneAirport,7.135,14.24,0.99,45.0,18.25,22.35,80.9,64.8,1019.915,1018.695,9.61,12.9
MelbourneAirport,7.0,14.995,1.3900000000000001,46.5,23.55,23.65,77.6,63.7,1021.7450000000001,1019.8950000000001,10.209999999999999,13.95
MelbourneAirport,9.66,18.685,0.58,62.75,27.4,31.8,66.45,54.75,1012.095,1010.9799999999999,13.184999999999999,16.855
MelbourneAirport,15.86,30.294999999999998,0.37,48.3,24.3,22.45,51.7,36.1,1014.8,1012.93,21.785,28.05
MelbourneAirport,11.940000000000001,23.435,1.3800000000000001,43.3,18.15,21.35,63.8,46.4,1016.695,1015.15,15.844999999999999,21.335
MelbourneAirport,14.265,25.975,1.25,44.85,18.1,21.25,71.4,45.8,1017.3799999999999,1015.6450000000001,17.5,23.830000000000002
MelbourneAirport,14.09,29.135,0.43,43.7,17.8,22.4,62.05,36.3,1014.1049999999999,1012.0,19.27,27.064999999999998
MelbourneAirport,13.919999999999998,26.744999999999997,0.75,46.1,17.2,22.05,70.55,42.95,1014.32,1012.29,18.44,25.18
MelbourneAirport,14.88,26.55,2.87,50.1,21.85,25.3,65.1,46.7,1015.1200000000001,1013.68,19.54,24.64
MelbourneAirport,12.919999999999998,23.625,0.16,47.2,20.45,24.25,70.45,43.75,1016.055,1014.8950000000001,16.125,21.78
MelbourneAirport,12.629999999999999,23.509999999999998,3.21,44.6,18.05,19.75,75.95,49.35,1018.225,1016.085,16.555,22.455000000000002
MelbourneAirport,12.22,21.630000000000003,1.67,46.85,20.45,24.25,71.4,52.3,1017.7950000000001,1016.265,15.559999999999999,19.955000000000002
MelbourneAirport,7.290000000000001,17.669999999999998,4.63,51.75,24.3,27.7,69.1,53.5,1015.2149999999999,1013.5350000000001,12.315000000000001,15.944999999999999
MelbourneAirport,6.575,16.39,0.5700000000000001,38.9,16.6,17.7,77.0,59.1,1022.025,1020.0899999999999,10.68,14.944999999999999
MelbourneAirport,10.145,23.615000000000002,2.6000000000000005,48.65,21.5,19.7,63.05,45.2,1017.2299999999999,1014.905,16.715,22.265
MelbourneAirport,10.9,21.455000000000002,2.95,46.15,24.0,22.4,70.45,56.0,1016.7700000000001,1015.345,15.309999999999999,19.86
MelbourneAirport,8.26,18.96,2.55,46.0,21.3,22.2,72.0,51.1,1017.28,1015.71,12.965,17.705000000000002
MelbourneAirport,7.415000000000001,19.119999999999997,1.1,59.2,27.5,28.35,61.45,41.3,1014.9950000000001,1012.845,12.58,18.03
MelbourneAirport,9.785,22.39,0.31999999999999995,48.2,20.9,24.6,62.2,45.05,1016.5649999999999,1014.5649999999999,15.715,20.64
MelbourneAirport,13.684999999999999,26.2,0.39,51.55,22.0,25.0,61.85,40.2,1013.2,1012.095,18.2,24.415
MelbourneAirport,10.67,22.31,0.44000000000000006,49.7,24.5,24.0,62.1,43.2,1015.3299999999999,1014.015,15.719999999999999,20.665
MelbourneAirport,6.55,14.434999999999999,1.65,42.25,18.6,21.7,80.1,64.5,1022.125,1020.225,9.5,13.485
MelbourneAirport,7.5,16.07,1.3199999999999998,47.0,22.7,23.75,76.5,59.65,1021.425,1019.46,11.27,14.91
MelbourneAirport,5.945,14.12,0.74,48.5,21.85,25.85,77.85,61.95,1022.0899999999999,1019.615,9.135,12.944999999999999
MelbourneAirport,5.985,13.005,2.9,47.7,21.1,22.85,81.65,69.15,1019.4950000000001,1018.25,8.84,11.595
MelbourneAirport,6.58,14.525,2.05,49.55,21.8,24.3,80.2,64.6,1020.345,1018.055,10.135,13.584999999999999
MelbourneAirport,5.74,13.280000000000001,0.8300000000000001,45.75,20.6,23.2,78.0,62.05,1020.8399999999999,1019.6899999999999,8.865,12.040000000000001
MelbourneAirport,6.885,14.209999999999999,2.91,52.25,23.75,25.75,76.25,63.95,1016.4350000000001,1014.8100000000001,10.09,13.069999999999999
MelbourneAirport,7.025,17.46,2.1100000000000003,56.55,25.65,27.55,69.35,53.85,1013.155,1010.825,11.55,15.959999999999999
MelbourneAirport,7.955,16.16,2.1,48.15,19.95,23.45,73.0,57.05,1017.95,1015.96,11.709999999999999,14.584999999999999
MelbourneAirport,14.45,25.075,1.64,42.7,15.5,21.4,73.95,51.5,1017.85,1016.26,17.39,23.305
MelbourneAirport,14.635,25.625,2.35,42.75,16.7,23.05,76.75,50.1,1012.1899999999999,1010.845,17.625,23.645
MelbourneAirport,12.375,21.91,1.08,51.55,24.4,25.0,65.75,44.55,1015.28,1013.7049999999999,15.99,20.515
MelbourneAirport,9.379999999999999,20.95,1.21,46.3,18.65,23.8,63.2,43.4,1021.415,1018.835,14.825,19.8
MelbourneAirport,11.235,22.73,1.05,43.5,19.0,22.1,65.45,44.85,1021.4350000000001,1019.3799999999999,15.62,21.105
MelbourneAirport,11.39,23.075,2.55,41.05,20.05,20.2,70.5,47.15,1023.0450000000001,1021.085,16.4,21.905
MelbourneAirport,14.245,27.085,1.85,43.6,16.45,19.8,73.5,43.35,1016.225,1014.765,18.23,25.34
MelbourneAirport,5.75,15.059999999999999,0.71,37.5,15.15,16.55,80.8,58.75,1027.125,1025.405,9.18,14.05
MelbourneAirport,7.225,16.75,0.6599999999999999,36.2,14.05,18.2,77.05,60.2,1023.6850000000001,1021.885,11.489999999999998,15.559999999999999
MelbourneAirport,10.77,22.685,0.8800000000000001,46.8,19.5,24.4,65.8,42.45,1014.04,1012.5450000000001,15.469999999999999,21.365000000000002
MelbourneAirport,8.675,21.27,1.6700000000000004,46.6,22.95,24.9,65.35,41.2,1016.125,1014.01,13.91,19.68
MelbourneAirport,11.635,25.2,1.0299999999999998,46.85,19.65,21.85,65.45,41.85,1013.775,1012.01,16.98,23.675
MelbourneAirport,15.735,27.4,2.43,53.85,22.5,25.9,69.9,45.6,1011.05,1010.2700000000001,19.28,24.794999999999998
MelbourneAirport,15.290000000000001,29.04,0.4,49.65,19.95,24.8,57.1,38.8,1012.5450000000001,1010.835,20.405,26.865
MelbourneAirport,13.375,25.95,1.75,49.4,21.6,25.9,65.0,42.85,1017.5600000000001,1015.945,17.905,24.009999999999998
MelbourneAirport,12.819999999999999,28.330000000000002,0.51,51.3,17.7,23.0,59.7,36.2,1013.055,1011.2049999999999,19.509999999999998,25.945
MelbourneAirport,10.995000000000001,23.48,0.9800000000000001,45.1,18.05,24.05,75.55,43.7,1020.6049999999999,1018.43,14.74,21.93
MelbourneAirport,11.725,23.435,0.09,44.3,17.1,20.6,66.35,46.6,1016.99,1015.18,15.844999999999999,21.47
MelbourneAirport,10.190000000000001,22.81,0.19,54.85,27.3,26.95,60.4,41.4,1018.1899999999999,1015.695,16.065,21.335
MelbourneAirport,7.2,18.68,0.4,42.5,15.8,20.3,72.4,49.1,1021.99,1019.335,12.26,17.425
MelbourneAirport,7.385,18.419999999999998,1.49,44.55,17.45,20.8,70.6,47.65,1021.03,1018.57,12.135,17.015
MelbourneAirport,11.64,22.994999999999997,0.78,49.45,22.4,22.45,61.35,46.7,1016.415,1014.4950000000001,16.305,21.35
MelbourneAirport,9.955,23.89,1.3599999999999999,51.75,22.75,25.7,62.2,36.65,1017.82,1015.825,15.485,22.185
Mildura,11.995000000000001,28.589999999999996,0.86,38.45,17.05,16.6,54.5,25.25,1018.975,1016.085,18.275,27.080000000000002
Mildura,10.434999999999999,24.77,0.49000000000000005,40.2,14.2,19.05,63.25,32.5,1018.07,1015.4399999999999,16.075,23.535
Mildura,7.13,23.34,0.79,43.95,18.1,20.25,56.0,28.8,1017.5799999999999,1014.1200000000001,14.715,22.285
Mildura,16.34,31.26,0.32999999999999996,41.85,19.55,18.3,54.1,27.6,1013.5,1010.625,20.990000000000002,29.580000000000002
Mildura,14.584999999999999,28.564999999999998,2.19,41.25,17.7,17.0,55.3,30.35,1014.9950000000001,1013.055,19.025,26.75
Mildura,15.395,30.869999999999997,0.16999999999999998,40.3,18.65,17.2,49.5,23.8,1013.3799999999999,1011.0649999999999,21.175,29.044999999999998
Mildura,11.0,23.89,4.220000000000001,34.3,12.25,14.75,73.75,41.5,1019.21,1016.68,15.02,22.735
Mildura,8.945,20.275,0.6900000000000001,33.6,12.15,15.3,81.65,52.0,1020.6600000000001,1018.29,12.485,18.805
Mildura,16.4,28.580000000000002,12.569999999999999,36.9,15.25,16.55,71.75,46.75,1015.885,1014.575,19.45,26.785000000000004
Mildura,8.254999999999999,21.61,0.15,33.1,12.25,13.8,79.55,44.0,1021.35,1019.1600000000001,12.3,20.555
Mildura,7.540000000000001,18.86,0.82,35.6,13.1,17.4,76.3,48.75,1020.2700000000001,1017.7850000000001,11.305,17.97
Mildura,4.915,15.7,0.54,36.15,11.25,15.05,89.0,49.3,1023.515,1021.1699999999998,7.715000000000001,14.934999999999999
Mildura,7.345000000000001,20.705000000000002,0.55,35.45,13.9,17.6,73.9,38.55,1021.555,1019.555,11.605,19.735
Mildura,11.155,28.57,0.12,39.6,17.45,16.65,42.05,16.5,1017.5600000000001,1014.85,17.990000000000002,26.630000000000003
Mildura,8.790000000000001,23.36,0.7699999999999999,42.6,18.1,18.5,55.25,25.55,1020.225,1017.6200000000001,14.444999999999999,21.78
Mildura,9.195,25.145,0.06999999999999999,40.05,16.6,18.25,49.9,22.9,1017.835,1014.9200000000001,16.080000000000002,23.494999999999997
Mildura,13.035,29.22,0.0,33.8,11.45,15.55,54.55,24.65,1019.4799999999999,1016.8,17.97,27.665
Mildura,15.63,31.314999999999998,0.16999999999999998,40.95,14.8,17.9,49.15,27.35,1014.1450000000001,1011.99,20.325,29.464999999999996
Mildura,15.39,31.485000000000003,0.06,42.8,17.4,19.55,44.35,20.45,1013.975,1011.8299999999999,20.485,29.3
Mildura,8.165000000000001,22.015,0.36,35.75,12.05,15.7,72.8,35.75,1021.45,1018.6,13.425,21.119999999999997
Mildura,7.025,22.47,0.0,35.25,12.4,15.85,70.0,31.75,1022.865,1020.03,12.4,21.575
Mildura,12.084999999999999,26.28,1.04,36.4,12.25,15.65,67.25,34.1,1018.6899999999999,1016.225,17.02,25.11
Mildura,5.765,17.41,0.44000000000000006,36.5,12.3,16.8,84.65,50.35,1024.935,1022.9950000000001,9.35,16.36
Mildura,4.985,17.025,1.41,37.75,13.55,17.2,75.9,43.25,1022.375,1019.7949999999998,9.290000000000001,16.07
Mildura,3.7700000000000005,16.294999999999998,0.6799999999999999,33.8,11.8,17.05,85.15,46.45,1021.7450000000001,1019.5049999999999,7.635,15.275
Mildura,7.8549999999999995,20.03,0.8,42.3,14.6,21.15,69.3,39.1,1016.835,1014.1,12.04,19.255000000000003
Mildura,6.88,21.895,0.05,44.55,17.7,23.9,51.75,24.2,1017.7950000000001,1014.2700000000001,13.49,21.125
Mildura,6.76,17.655,0.43,41.2,14.8,21.35,74.45,45.6,1017.0799999999999,1014.6299999999999,10.155,16.47
Mildura,10.23,24.294999999999998,1.08,39.8,11.8,19.15,66.0,36.0,1017.805,1014.54,14.98,23.41
Mildura,14.15,27.85,2.96,40.8,18.55,16.95,57.1,32.35,1016.3,1014.3,18.55,25.830000000000002
Mildura,10.455,24.375,0.32999999999999996,43.25,17.05,20.25,54.7,31.75,1017.45,1014.6049999999999,16.494999999999997,23.09
Mildura,13.225,26.95,0.43999999999999995,40.25,17.35,19.55,58.85,29.9,1017.085,1014.8700000000001,17.8,25.535
Mildura,13.8,29.544999999999998,1.17,35.0,14.2,15.2,59.3,27.9,1016.95,1014.625,17.669999999999998,27.76
Mildura,14.84,31.255000000000003,0.0,40.7,14.8,18.05,47.5,21.3,1016.4,1014.11,19.27,29.57
Mildura,20.035,37.57,0.0,39.55,16.75,16.4,37.8,14.2,1012.57,1010.1299999999999,24.935,35.894999999999996
Mildura,9.0,19.41,0.8699999999999999,31.2,12.3,15.55,82.65,52.8,1020.5450000000001,1017.875,11.98,18.645
Mildura,7.7299999999999995,19.634999999999998,0.9799999999999999,33.65,13.35,15.9,77.8,44.5,1022.29,1019.8399999999999,11.09,18.985
Mildura,8.77,22.765,0.72,32.75,12.2,15.35,61.75,34.35,1019.9549999999999,1017.1,14.74,22.055
Mildura,8.02,20.435,1.81,33.75,16.0,17.65,69.75,41.9,1022.0350000000001,1019.2149999999999,12.834999999999999,19.47
Mildura,8.655,21.06,1.1099999999999999,36.55,14.4,15.65,67.15,40.55,1022.86,1019.9350000000001,13.39,19.835
Mildura,5.5,15.344999999999999,0.9099999999999999,38.4,14.45,19.75,85.9,52.25,1021.235,1019.24,8.35,14.544999999999998
Mildura,10.285,21.55,4.69,43.7,15.95,18.7,69.75,44.05,1013.7049999999999,1011.85,14.830000000000002,20.19
Mildura,16.369999999999997,30.27,4.75,36.7,14.25,15.0,62.6,39.2,1010.6299999999999,1008.64,20.875,28.410000000000004
Mildura,10.254999999999999,23.975,1.73,34.0,13.15,15.45,66.0,36.95,1019.5899999999999,1017.1600000000001,15.705000000000002,22.240000000000002
Mildura,15.475,30.365,0.32999999999999996,38.15,14.05,16.0,56.85,30.3,1016.775,1014.265,20.585,28.880000000000003
Mildura,15.819999999999999,29.915,0.95,38.25,14.25,17.1,61.7,30.25,1021.975,1019.835,18.89,27.955000000000002
Mildura,18.275,35.655,0.4699999999999999,43.65,14.9,16.65,44.9,19.8,1015.79,1013.0049999999999,24.345,33.9
Mildura,13.844999999999999,29.875,1.0,37.4,14.1,15.0,54.85,28.45,1014.79,1012.2950000000001,18.244999999999997,28.285000000000004
Mildura,6.8950000000000005,16.085,0.6,30.1,11.85,16.25,86.5,57.55,1023.0350000000001,1020.7549999999999,9.68,15.459999999999999
Mildura,8.41,20.830000000000002,0.5900000000000001,33.5,11.3,16.35,74.85,47.7,1020.5799999999999,1018.0200000000001,12.99,19.855
Mildura,10.73,23.455000000000002,0.29,33.2,12.25,17.0,63.95,37.35,1022.235,1019.4100000000001,15.87,22.64
Mildura,18.225,33.614999999999995,1.6300000000000001,41.5,16.1,14.95,47.7,25.85,1016.225,1013.57,23.175,31.635
Mildura,15.635,32.075,0.11000000000000001,43.8,15.65,18.55,46.95,22.55,1013.36,1010.8950000000001,21.395,29.985000000000003
Mildura,17.735,34.364999999999995,0.11000000000000001,41.55,16.85,18.65,36.3,16.7,1014.65,1011.9399999999999,23.91,32.225
Mildura,11.78,27.78,0.0,31.1,11.4,12.0,54.8,26.75,1020.7549999999999,1018.0799999999999,17.275,26.589999999999996
Mildura,12.695,26.35,0.28,40.0,14.0,17.25,58.55,31.2,1018.78,1015.95,17.175,24.97
Mildura,19.075,35.64,0.0,36.05,12.9,15.1,51.05,22.95,1016.655,1014.475,23.095,33.945
Mildura,10.004999999999999,21.535,0.97,31.15,10.65,12.7,78.95,48.5,1022.3700000000001,1020.3100000000001,12.809999999999999,20.365000000000002
Mildura,2.73,14.385,0.6849999999999999,33.75,10.7,15.85,86.5,56.5,1023.8950000000001,1021.345,6.575,13.4
Mildura,8.53,19.740000000000002,0.27,37.4,14.9,18.9,75.9,46.3,1023.155,1020.57,12.49,18.884999999999998
Mildura,6.970000000000001,20.975,0.26,33.5,12.5,14.7,64.9,38.3,1025.2350000000001,1022.3399999999999,13.190000000000001,20.044999999999998
Mildura,13.1,29.415,0.225,39.7,14.6,16.4,48.2,26.6,1020.25,1017.7950000000001,18.45,27.115
Mildura,6.92,18.794999999999998,0.31,35.05,12.6,16.0,75.95,44.2,1023.7800000000001,1020.875,11.440000000000001,18.09
Mildura,9.095,22.84,0.38,35.6,13.75,15.85,67.2,37.4,1020.6299999999999,1017.835,14.665000000000001,21.645
Moree,7.3,23.085,1.39,37.3,17.2,18.15,53.6,28.0,1022.8,1019.365,15.105,22.19
Moree,8.91,24.64,0.6799999999999999,37.6,17.45,16.8,47.55,23.55,1021.7850000000001,1018.2299999999999,17.119999999999997,23.759999999999998
Moree,3.215,18.535,0.0,37.3,14.85,20.55,64.0,33.15,1024.0049999999999,1020.89,10.485,17.86
Moree,12.85,24.915,0.85,44.3,21.5,20.0,62.5,42.4,1016.14,1013.24,17.16,23.465
Moree,19.44,34.655,2.54,47.5,19.45,16.75,52.95,27.85,1012.525,1009.3149999999999,24.935,32.839999999999996
Moree,14.830000000000002,31.185000000000002,0.38,45.35,20.85,15.4,43.5,18.55,1017.7149999999999,1013.93,21.515,29.505000000000003
Moree,19.765,35.455,1.8800000000000001,49.35,24.05,16.6,47.1,21.85,1014.095,1010.14,25.869999999999997,33.985
Moree,18.965,34.38,0.49000000000000005,47.75,26.3,16.9,48.15,20.6,1015.5450000000001,1011.725,24.335,32.7
Moree,17.740000000000002,36.135000000000005,0.0,46.35,24.75,20.15,43.2,15.55,1012.6200000000001,1008.65,25.18,34.57
Moree,14.169999999999998,30.615,0.75,47.25,22.15,17.65,44.45,19.65,1016.125,1012.365,21.45,29.160000000000004
Moree,16.565,31.255000000000003,0.57,41.25,20.45,15.2,50.15,25.6,1017.28,1013.0899999999999,22.755000000000003,30.04
Moree,11.195,25.169999999999998,0.26999999999999996,34.75,14.6,16.2,56.05,30.3,1022.155,1018.5649999999999,18.294999999999998,24.395
Moree,17.994999999999997,32.55,2.2800000000000002,42.2,20.05,15.0,55.8,31.85,1015.78,1011.9,22.655,30.445
Moree,19.29,32.32,1.9799999999999998,41.9,22.15,13.5,58.3,33.9,1017.235,1013.7700000000001,23.294999999999998,30.880000000000003
Moree,20.880000000000003,34.785000000000004,0.01,46.05,21.3,14.85,55.4,27.65,1019.1450000000001,1015.2450000000001,25.035,32.87
Moree,18.23,32.785000000000004,2.16,39.45,20.3,14.15,57.45,31.6,1017.615,1014.0049999999999,23.375,31.085
Moree,18.985,34.665,0.65,43.85,19.35,17.4,51.8,28.75,1012.2,1009.05,24.77,32.83
Moree,14.15,26.855,2.5149999999999997,36.45,19.75,16.25,63.35,40.5,1019.195,1016.2299999999999,18.77,25.479999999999997
Moree,6.865,16.325,1.8,37.55,18.95,20.7,80.9,58.7,1020.325,1017.905,10.879999999999999,15.61
Moree,12.275,26.165,0.19,39.3,20.0,15.5,59.5,37.85,1021.5649999999999,1017.79,19.244999999999997,24.79
Moree,11.7,26.235000000000003,1.23,37.95,17.15,17.85,63.0,37.55,1019.99,1016.2549999999999,18.2,25.095
Moree,5.430000000000001,18.98,1.09,35.15,16.1,18.7,72.1,46.0,1025.3799999999999,1022.0049999999999,11.629999999999999,18.175
Moree,8.405,21.94,3.05,37.15,16.5,16.6,70.9,43.7,1020.8550000000001,1017.74,14.665000000000001,20.785
Moree,10.28,24.04,3.0799999999999996,37.3,17.7,16.85,67.2,38.1,1019.96,1016.595,16.34,23.06
Moree,12.86,26.01,3.45,40.8,20.15,20.7,66.3,38.9,1018.18,1015.32,18.435,24.490000000000002
Moree,19.255000000000003,34.31,1.28,45.5,22.65,17.75,49.7,24.1,1016.095,1012.43,24.815,32.83
Moree,10.425,26.96,0.18,40.5,19.9,18.4,53.45,27.6,1022.0,1018.095,18.869999999999997,25.714999999999996
Moree,13.165000000000001,30.055,0.0,41.9,20.95,16.3,50.6,23.55,1023.15,1018.8399999999999,21.065,28.845
Moree,14.61,30.785000000000004,0.0,40.6,20.75,16.25,44.9,21.6,1017.6,1013.635,21.36,29.294999999999998
Moree,12.09,28.74,0.4800000000000001,41.75,18.2,15.55,49.65,24.0,1018.36,1014.75,19.915,27.434999999999995
Moree,21.225,32.53,11.76,47.0,21.45,18.25,66.15,45.3,1010.775,1008.0649999999999,24.69,30.619999999999997
Moree,13.1,28.725,0.53,42.65,21.15,18.5,56.75,28.35,1015.95,1012.3299999999999,19.055,27.514999999999997
Moree,5.795,18.965,2.7800000000000002,32.6,13.9,16.75,71.65,46.6,1022.3549999999999,1018.9,12.11,18.025
Moree,6.365,22.8,0.18,37.55,16.3,16.2,54.45,30.15,1019.6,1015.845,14.985,21.744999999999997
Moree,4.495,21.48,0.12,37.15,18.8,18.6,53.5,27.2,1022.15,1017.9549999999999,13.684999999999999,20.775
Moree,5.325,22.03,0.19,34.9,14.25,17.4,62.2,27.15,1020.8399999999999,1017.0450000000001,13.015,21.265
Moree,6.85,20.96,1.34,38.0,16.4,17.5,65.7,38.85,1023.235,1020.325,13.485,19.895
Moree,9.535,29.15,0.45,41.0,17.2,17.2,44.15,16.1,1018.2700000000001,1014.15,19.82,28.21
Moree,10.265,26.52,0.11000000000000001,35.15,14.3,14.65,54.25,26.2,1019.165,1015.075,18.515,25.76
Moree,15.655000000000001,28.880000000000003,0.99,38.15,17.9,14.6,62.65,34.6,1020.235,1016.515,20.994999999999997,27.955000000000002
Moree,8.515,22.07,0.04,33.2,13.3,14.05,73.3,47.8,1021.4649999999999,1018.24,14.39,20.82
Moree,8.075,20.825,1.5,36.5,15.5,17.45,68.95,41.55,1022.575,1019.25,13.87,19.81
Moree,9.66,20.225,2.17,34.9,15.35,17.7,71.5,53.4,1020.07,1016.93,14.715,18.945
Moree,8.28,24.044999999999998,1.2,33.35,14.15,14.7,59.65,31.55,1020.675,1017.04,16.380000000000003,23.244999999999997
Moree,5.375,18.54,0.5900000000000001,35.0,13.05,17.45,75.3,46.15,1021.0600000000001,1018.0649999999999,10.709999999999999,17.225
Moree,12.075,26.26,0.39,40.45,16.8,19.05,59.7,31.95,1015.405,1012.3,17.645,24.82
Moree,19.305,33.31,1.46,45.15,20.15,15.0,55.5,32.35,1014.445,1010.7549999999999,24.415,31.714999999999996
Moree,17.435,30.115,7.3,41.45,17.0,14.0,67.3,39.95,1016.1200000000001,1012.575,21.655,28.810000000000002
Moree,16.815,31.22,2.79,37.8,17.35,13.0,62.4,35.5,1014.0649999999999,1011.1450000000001,21.845,29.744999999999997
Moree,15.040000000000001,29.24,0.13999999999999999,39.5,17.35,16.65,60.45,33.25,1016.5649999999999,1012.97,20.494999999999997,28.169999999999998
Moree,16.55,27.660000000000004,2.2800000000000002,39.2,18.45,17.6,67.2,47.15,1016.78,1013.915,20.64,26.3
Moree,8.129999999999999,23.759999999999998,1.7,30.95,14.0,12.2,59.75,31.4,1022.04,1018.7299999999999,16.34,22.86
Moree,12.075,26.195,1.05,38.25,18.45,19.95,55.0,28.5,1018.4549999999999,1015.1049999999999,18.935,25.305
Moree,6.904999999999999,24.505000000000003,0.38,34.7,17.2,16.4,49.8,25.1,1019.0049999999999,1015.2450000000001,16.165,23.56
Moree,16.25,27.235000000000003,7.37,45.65,21.85,19.8,61.0,45.95,1013.095,1010.375,21.0,25.54
Moree,16.585,30.060000000000002,0.55,41.85,20.2,17.55,53.8,30.5,1014.4549999999999,1011.57,21.990000000000002,28.695
Moree,11.64,24.740000000000002,3.21,39.5,18.3,17.95,64.45,41.25,1019.1450000000001,1015.6600000000001,17.515,23.41
Moree,15.395,27.535000000000004,3.45,41.15,18.45,15.0,70.35,48.65,1018.735,1015.5899999999999,20.22,25.29
Moree,8.775,21.52,0.77,37.45,18.4,19.1,72.6,46.3,1019.79,1016.4350000000001,14.684999999999999,20.5
Moree,7.584999999999999,19.695,2.15,32.35,13.95,15.1,75.55,48.05,1022.7,1019.7950000000001,13.26,18.9
Moree,11.405,24.275,0.06,35.35,16.55,15.85,66.1,40.95,1020.15,1016.8,17.25,23.07
Moree,18.04,29.675,1.9299999999999997,41.95,18.2,17.75,68.45,42.55,1014.7,1011.555,21.485,28.305
Moree,12.375,27.05,1.31,37.05,14.45,15.05,61.7,33.25,1018.9399999999999,1015.725,18.68,25.764999999999997
Moree,17.59,28.43,1.95,41.3,21.05,17.8,64.35,50.1,1012.61,1009.925,22.435,26.575
MountGambier,13.175,28.205000000000002,0.04,47.05,20.45,25.25,61.3,38.6,1014.1,1012.76,19.384999999999998,25.955000000000002
MountGambier,10.655,24.425,0.22999999999999998,42.5,17.5,23.15,59.55,39.15,1014.9,1013.5200000000001,17.419999999999998,23.14
MountGambier,8.455,21.025,1.1800000000000002,39.45,15.0,20.75,83.5,51.3,1020.1200000000001,1018.5600000000001,13.315000000000001,19.595
MountGambier,11.875,23.215,2.18,44.1,17.65,21.65,72.95,49.4,1016.425,1015.165,16.035,21.169999999999998
MountGambier,6.82,15.525,2.0300000000000002,48.35,22.5,24.0,71.3,65.9,1017.3549999999999,1015.915,11.629999999999999,13.885
MountGambier,7.005,15.280000000000001,3.02,52.6,19.8,26.5,78.6,61.0,1017.4799999999999,1016.0,10.58,13.88
MountGambier,8.045,19.84,5.3,44.9,18.1,24.0,66.95,49.15,1015.2299999999999,1013.53,14.2,18.435
MountGambier,7.025,17.740000000000002,1.22,43.8,19.3,23.35,67.2,59.75,1019.1450000000001,1018.0899999999999,13.02,15.809999999999999
MountGambier,8.47,22.169999999999998,1.4300000000000002,40.05,17.6,22.15,71.3,50.85,1020.595,1019.1850000000001,15.01,20.645
MountGambier,7.005,15.669999999999998,5.54,48.25,23.2,26.4,73.35,60.55,1013.805,1012.51,11.834999999999999,14.215
MountGambier,11.605,24.380000000000003,1.48,46.55,16.6,23.65,61.9,45.4,1014.8399999999999,1013.665,17.765,22.5
MountGambier,10.885,23.04,2.65,42.65,20.35,23.15,71.1,50.15,1016.1049999999999,1014.7850000000001,16.365000000000002,21.1
MountGambier,7.0,15.45,2.41,46.8,17.75,22.2,81.85,68.05,1013.97,1011.985,10.209999999999999,14.23
MountGambier,7.890000000000001,15.825,2.32,34.5,14.05,18.65,83.75,69.45,1021.125,1019.8100000000001,11.45,14.8
MountGambier,7.334999999999999,15.1,6.410000000000001,52.75,23.35,25.45,79.5,66.85,1011.625,1009.885,10.985,13.625
MountGambier,6.385,14.040000000000001,2.69,45.6,16.35,21.15,82.85,74.3,1015.6899999999999,1014.175,9.55,12.735000000000001
MountGambier,6.635,16.270000000000003,2.6700000000000004,48.45,19.95,22.35,72.0,56.35,1019.72,1018.075,11.625,14.38
MountGambier,7.495,16.975,3.38,44.85,18.8,21.35,79.9,62.5,1017.0649999999999,1014.79,12.025,15.73
MountGambier,8.925,21.445,1.6300000000000001,47.15,20.2,24.8,72.9,53.7,1016.61,1015.6450000000001,15.334999999999999,19.47
MountGambier,8.795,19.035,1.1300000000000001,42.35,18.45,24.4,73.25,57.4,1018.51,1017.335,13.505,17.225
MountGambier,6.9799999999999995,17.244999999999997,1.5,39.15,15.95,19.65,78.05,62.9,1021.29,1019.7049999999999,11.84,15.694999999999999
MountGambier,10.475,21.53,1.7900000000000003,40.25,16.55,20.2,75.95,57.1,1017.275,1015.5649999999999,15.059999999999999,20.134999999999998
MountGambier,8.8,16.14,4.23,39.55,17.1,20.7,83.35,69.25,1017.945,1016.2299999999999,11.55,14.89
MountGambier,5.405,14.16,1.44,36.9,13.7,16.95,84.9,71.3,1024.04,1022.635,9.190000000000001,12.805000000000001
MountGambier,8.18,16.395,5.01,46.45,17.6,22.35,82.1,68.3,1016.8549999999999,1015.6200000000001,12.03,15.05
MountGambier,8.635,19.419999999999998,1.9899999999999998,39.3,15.6,21.2,74.05,54.5,1022.5049999999999,1020.225,13.569999999999999,17.884999999999998
MountGambier,7.49,17.259999999999998,2.08,34.0,13.3,15.95,86.4,65.5,1020.555,1018.425,11.34,15.7
MountGambier,6.720000000000001,13.49,3.78,41.1,16.9,20.5,86.55,75.85,1021.2549999999999,1020.07,9.745000000000001,11.934999999999999
MountGambier,8.875,19.884999999999998,2.59,39.6,16.9,21.0,73.25,57.35,1018.725,1017.3,14.125,18.22
MountGambier,11.385,23.085,0.42000000000000004,47.25,22.9,26.55,64.15,46.65,1017.195,1015.8549999999999,16.645,21.11
MountGambier,11.254999999999999,25.575,1.6300000000000001,45.65,18.7,25.9,71.7,44.75,1016.385,1014.5899999999999,17.29,23.6
MountGambier,13.14,25.1,1.33,51.05,19.85,27.05,69.6,44.7,1012.68,1011.1299999999999,17.055,23.14
MountGambier,12.120000000000001,26.619999999999997,0.71,41.95,19.2,24.8,67.8,43.7,1015.85,1014.22,18.455000000000002,24.61
MountGambier,9.325,23.2,0.47000000000000003,42.15,15.95,25.25,65.2,43.3,1014.8950000000001,1013.265,16.05,21.54
MountGambier,9.525,25.85,0.44000000000000006,46.8,20.6,24.65,53.05,36.95,1016.0649999999999,1014.39,17.475,23.725
MountGambier,13.675,30.155,0.18,50.45,19.45,26.65,67.1,36.4,1017.335,1015.43,19.509999999999998,28.025
MountGambier,11.915000000000001,23.25,2.12,49.55,20.8,28.75,65.65,47.35,1011.75,1010.39,16.794999999999998,21.095
MountGambier,5.425,13.49,2.6399999999999997,45.25,18.05,22.35,86.0,67.5,1024.23,1023.2,8.42,11.82
MountGambier,6.8,13.575,6.2299999999999995,50.5,19.1,21.55,83.2,75.15,1015.6200000000001,1013.8950000000001,10.040000000000001,12.205
MountGambier,8.370000000000001,18.93,1.0,42.85,16.75,24.4,67.25,54.2,1020.575,1019.29,13.834999999999999,16.925
MountGambier,5.025,16.835,1.52,37.1,17.25,19.15,73.15,56.8,1023.07,1021.345,11.97,15.48
MountGambier,6.825,16.494999999999997,1.98,43.1,17.25,24.45,81.2,59.85,1018.835,1017.2950000000001,11.395,15.015
MountGambier,4.955,13.0,3.3200000000000003,46.65,15.35,22.25,86.9,74.35,1020.2149999999999,1018.425,8.58,11.14
MountGambier,6.885,17.240000000000002,1.16,41.9,18.45,21.1,74.95,58.6,1022.1899999999999,1020.405,11.275,15.690000000000001
MountGambier,7.975,19.705000000000002,1.48,42.25,19.4,22.2,70.45,58.25,1021.5350000000001,1019.65,14.025,17.485
MountGambier,7.315,18.134999999999998,2.63,39.85,18.05,21.0,74.2,54.4,1022.885,1020.89,12.465,16.815
MountGambier,8.695,20.435,0.6599999999999999,41.1,16.15,21.7,76.9,50.15,1022.47,1020.4549999999999,13.690000000000001,19.07
MountGambier,7.885,19.54,0.72,44.7,14.75,24.25,71.85,54.5,1019.365,1018.1200000000001,13.625,17.195
MountGambier,6.975,14.809999999999999,1.3699999999999999,35.9,16.3,18.65,83.05,69.95,1025.385,1023.74,10.32,13.66
MountGambier,8.004999999999999,15.755,3.12,44.35,17.0,22.1,85.6,68.85,1020.905,1019.6049999999999,11.190000000000001,14.27
MountGambier,5.819999999999999,14.515,4.4399999999999995,41.75,18.5,21.0,88.25,71.85,1020.25,1018.28,8.875,13.215
MountGambier,7.8549999999999995,14.735,2.46,35.95,14.2,17.8,89.5,79.5,1020.25,1018.585,10.895,13.61
MountGambier,7.775,16.56,2.84,43.9,17.05,22.0,81.9,65.05,1013.9799999999999,1012.3100000000001,12.1,15.375
MountGambier,6.345000000000001,14.01,6.43,51.85,20.6,26.75,83.15,64.2,1015.01,1013.365,9.67,12.745000000000001
MountGambier,11.855,25.48,1.8399999999999999,44.75,18.45,23.75,63.5,42.65,1015.985,1014.735,17.915,23.5
MountGambier,12.805000000000001,26.9,0.16,48.4,21.85,25.9,54.6,37.25,1014.0350000000001,1013.0649999999999,19.645,25.31
MountGambier,9.92,21.65,1.04,41.3,18.55,23.7,65.8,42.9,1018.5799999999999,1017.1049999999999,15.59,20.125
MountGambier,10.135,21.044999999999998,2.45,45.85,16.65,22.6,73.8,53.7,1018.405,1016.9350000000001,15.044999999999998,18.75
MountGambier,10.235,20.935,1.98,38.75,15.0,21.55,85.25,59.55,1017.79,1015.93,14.405000000000001,19.325
MountGambier,12.940000000000001,24.93,1.36,41.85,15.65,19.95,74.6,54.35,1014.01,1013.0899999999999,17.455000000000002,22.330000000000002
MountGambier,9.93,21.19,1.3699999999999999,39.85,16.6,20.85,77.6,55.95,1019.51,1018.05,15.180000000000001,19.634999999999998
MountGambier,8.295,17.095,1.35,32.3,13.35,15.6,87.95,69.4,1021.95,1019.68,11.82,16.235
MountGambier,9.040000000000001,20.345000000000002,3.66,40.35,17.45,20.2,73.1,57.55,1019.085,1017.085,14.069999999999999,18.095
MountGambier,9.129999999999999,17.585,3.8599999999999994,47.7,21.95,24.4,72.85,65.4,1016.3549999999999,1015.93,13.665000000000001,15.794999999999998
NorahHead,17.380000000000003,23.29,10.57,49.65,19.75,27.6,82.15,76.55,1018.47,1016.475,19.77,21.64
NorahHead,12.735000000000001,19.71,4.28,39.1,11.65,17.5,75.95,65.4,1019.485,1017.7299999999999,15.41,18.355
NorahHead,18.755000000000003,25.235,6.7700000000000005,43.15,15.55,23.45,83.35,76.95,1013.29,1010.975,21.485,23.44
NorahHead,19.445,25.73,5.6899999999999995,43.4,15.1,25.75,83.55,75.65,1015.07,1012.865,21.73,23.925
NorahHead,20.185,27.605,1.24,43.55,13.2,22.9,77.0,68.8,1017.3700000000001,1016.18,22.955000000000002,25.695
NorahHead,13.675,21.91,1.85,43.25,12.6,24.15,73.2,66.5,1025.185,1022.76,17.845,19.830000000000002
NorahHead,15.025,22.975,3.72,45.2,14.85,25.95,78.3,73.55,1022.525,1019.7850000000001,18.275,20.315
NorahHead,13.725,21.6,2.19,42.7,10.55,20.2,78.75,72.45,1021.61,1019.1450000000001,16.935,19.445
NorahHead,10.425,17.29,2.49,36.2,11.45,15.3,78.55,68.75,1023.7800000000001,1021.8149999999999,12.72,15.89
NorahHead,9.08,18.32,0.04,32.1,10.9,15.05,63.25,51.05,1021.1850000000001,1018.1899999999999,12.919999999999998,17.195
NorahHead,14.265,22.03,4.5200000000000005,34.7,8.7,19.15,77.6,69.35,1024.865,1022.805,17.61,20.025
NorahHead,12.405,19.830000000000002,2.12,40.75,11.75,15.55,69.25,60.9,1017.6899999999999,1015.165,15.635,18.465
NorahHead,13.305000000000001,19.830000000000002,8.84,38.0,11.5,17.6,76.9,67.8,1021.7949999999998,1019.45,15.709999999999999,18.58
NorahHead,19.525,25.16,8.8,40.4,14.05,17.85,82.7,77.95,1015.5899999999999,1013.9399999999999,21.669999999999998,23.44
NorahHead,17.6,24.005000000000003,5.029999999999999,44.0,11.25,21.35,77.95,73.45,1017.8549999999999,1015.975,20.165,22.1
NorahHead,15.775,23.3,3.25,39.65,9.75,17.85,78.2,72.05,1017.9399999999999,1015.22,18.745,21.18
NorahHead,15.969999999999999,23.425,3.85,51.6,14.65,21.9,72.55,65.7,1017.3549999999999,1015.2700000000001,18.95,21.095
NorahHead,19.075,26.29,2.06,50.05,15.75,25.75,80.2,73.7,1013.7,1011.015,22.025,23.45
NorahHead,11.605,18.93,1.3,37.4,11.85,20.05,67.0,60.1,1023.5649999999999,1021.385,15.16,17.655
NorahHead,11.635,19.03,2.7199999999999998,44.35,15.75,22.95,71.95,65.8,1018.8,1016.6,15.080000000000002,17.380000000000003
NorahHead,13.434999999999999,19.725,5.720000000000001,46.25,14.35,26.45,79.1,75.9,1022.4200000000001,1019.85,16.485,18.0
NorahHead,18.655,26.825,2.81,46.9,13.9,24.6,73.6,70.35,1013.72,1011.26,22.169999999999998,24.35
NorahHead,20.61,28.325,0.5599999999999999,47.4,13.8,24.15,77.25,73.6,1013.515,1011.45,23.815,24.93
NorahHead,16.330000000000002,25.525,0.45999999999999996,45.15,15.9,19.85,68.65,58.3,1011.8100000000001,1009.46,20.06,23.395
NorahHead,14.280000000000001,22.015,2.16,38.6,10.7,21.0,67.95,63.55,1015.6200000000001,1012.7049999999999,18.16,20.235
NorahHead,15.319999999999999,23.294999999999998,3.95,44.2,13.25,24.45,65.65,64.45,1015.3149999999999,1012.8100000000001,19.52,20.89
NorahHead,14.425,21.22,1.81,38.3,12.7,18.65,78.0,69.6,1021.3299999999999,1019.365,16.865000000000002,19.72
NorahHead,13.809999999999999,20.73,2.21,35.25,9.6,16.25,81.7,69.55,1022.975,1020.3950000000001,16.165,18.884999999999998
NorahHead,14.34,21.134999999999998,5.85,41.45,15.8,19.95,76.8,70.3,1024.23,1022.45,17.09,19.65
NorahHead,21.470000000000002,27.71,5.2299999999999995,50.6,13.6,23.05,85.25,83.6,1012.4200000000001,1010.1600000000001,23.85,24.91
NorahHead,17.835,24.27,9.4,48.85,18.3,24.3,81.5,73.65,1019.3700000000001,1017.14,20.565,22.59
NorahHead,19.18,25.79,3.6100000000000003,43.25,16.15,21.55,79.45,70.65,1014.1049999999999,1012.76,21.835,24.515
NorahHead,19.869999999999997,26.919999999999998,3.17,42.6,12.2,20.05,82.6,72.55,1013.39,1011.5,22.634999999999998,25.505000000000003
NorahHead,19.785,27.919999999999998,1.2,38.4,11.85,19.6,87.6,71.7,1017.49,1015.4399999999999,22.380000000000003,26.185000000000002
NorahHead,18.015,25.875,2.7199999999999998,43.3,13.35,23.0,83.8,74.5,1016.39,1014.03,20.865000000000002,22.845
NorahHead,18.615000000000002,26.410000000000004,7.409999999999999,48.25,17.7,23.55,82.15,72.6,1016.36,1014.5200000000001,22.080000000000002,24.4
NorahHead,15.834999999999999,22.18,6.93,40.1,11.9,16.2,87.05,81.3,1017.74,1015.635,18.57,20.445
NorahHead,10.53,17.5,3.15,39.65,12.35,12.65,66.65,56.2,1014.9399999999999,1012.925,13.265,16.005000000000003
NorahHead,10.934999999999999,19.5,1.51,39.95,12.95,21.5,66.65,58.8,1021.445,1018.5450000000001,14.495,17.619999999999997
NorahHead,15.559999999999999,22.7,2.37,34.1,12.9,18.75,78.3,69.05,1024.045,1021.6450000000001,18.575,20.92
NorahHead,15.290000000000001,21.975,7.029999999999999,46.25,14.25,21.9,76.95,70.85,1016.675,1013.665,17.925,20.15
NorahHead,13.27,22.625,0.1,29.75,9.45,14.15,63.95,59.25,1018.79,1015.7299999999999,17.175,20.619999999999997
NorahHead,9.415000000000001,17.025,12.16,41.85,17.05,16.4,75.05,63.7,1019.175,1016.82,12.475,15.63
NorahHead,11.855,19.085,2.83,41.5,15.35,22.1,74.2,63.85,1020.85,1018.135,15.215,17.565
NorahHead,11.595,18.825,2.13,36.05,14.8,14.2,73.75,65.9,1020.3700000000001,1018.1600000000001,14.745,17.55
NorahHead,15.559999999999999,22.634999999999998,4.720000000000001,40.3,13.2,17.35,76.15,69.7,1019.4799999999999,1017.6700000000001,18.134999999999998,21.04
NorahHead,10.940000000000001,17.855,12.55,47.1,20.25,19.05,73.15,64.95,1017.2,1015.3549999999999,14.09,16.279999999999998
NorahHead,16.39,21.445,4.59,44.8,20.9,27.05,75.15,70.15,1015.9649999999999,1014.8399999999999,18.775,20.09
NorahHead,19.275,25.165,3.9,43.9,20.45,24.6,79.6,76.4,1014.21,1012.635,21.91,23.16
NorahHead,16.9,23.39,5.68,41.35,16.0,22.2,75.3,67.3,1015.085,1012.975,19.405,21.945
NorahHead,13.080000000000002,21.23,6.010000000000001,42.25,14.1,19.9,69.05,63.0,1019.3100000000001,1016.615,17.41,19.169999999999998
NorahHead,16.71,23.415,2.3,45.75,15.1,22.7,82.05,76.3,1016.4100000000001,1014.085,19.325,21.0
NorahHead,13.215,19.81,3.5100000000000002,42.65,11.0,20.1,77.6,68.4,1021.57,1019.22,15.825,18.27
NorahHead,10.22,17.794999999999998,0.61,34.15,11.4,14.2,69.0,59.65,1021.68,1019.03,13.515,16.505000000000003
NorahHead,11.92,19.06,1.1099999999999999,41.85,13.0,18.25,65.5,59.9,1019.95,1017.5450000000001,15.819999999999999,17.675
NorahHead,16.905,24.0,1.94,35.05,12.7,19.45,74.75,69.2,1020.1049999999999,1017.68,20.134999999999998,22.384999999999998
NorahHead,11.865,18.575,6.08,46.8,14.2,23.05,71.8,67.65,1018.71,1016.53,14.594999999999999,17.685
NorahHead,16.395,23.619999999999997,7.62,41.8,11.7,19.45,76.3,70.95,1015.4649999999999,1013.635,19.66,21.515
NorahHead,19.79,25.509999999999998,1.7100000000000002,44.1,17.1,25.9,77.85,73.7,1015.35,1013.6200000000001,22.375,23.78
NorahHead,20.955000000000002,28.825,0.86,42.35,13.45,20.85,77.0,69.5,1016.135,1014.11,23.54,26.04
NorahHead,15.11,22.55,0.45999999999999996,44.2,18.95,25.1,71.5,66.35,1020.625,1018.32,18.630000000000003,20.675
NorahHead,16.945,23.415,1.75,42.15,10.95,20.1,77.2,75.0,1015.15,1013.0899999999999,20.275,21.36
NorahHead,16.56,21.990000000000002,5.79,46.2,22.1,25.65,81.15,76.3,1017.64,1016.2850000000001,19.03,20.215
NorahHead,11.9,18.28,5.01,40.75,13.05,17.7,74.6,69.55,1018.825,1016.885,14.385,16.865000000000002
NorfolkIsland,20.07,24.725,1.81,44.75,21.65,25.5,76.85,73.6,1014.0799999999999,1012.5200000000001,22.59,23.36
NorfolkIsland,19.78,24.565,1.73,44.55,21.8,24.65,70.5,67.15,1016.4649999999999,1014.93,22.46,23.32
NorfolkIsland,19.205000000000002,24.415,1.5100000000000002,37.15,18.25,19.65,71.1,65.3,1019.1899999999999,1017.425,21.91,22.994999999999997
NorfolkIsland,18.255000000000003,23.555,4.84,40.6,18.4,20.35,67.7,66.3,1016.24,1014.9399999999999,21.59,22.145
NorfolkIsland,18.395,23.15,8.709999999999999,45.6,23.85,24.6,73.45,71.5,1014.975,1013.585,21.35,21.7
NorfolkIsland,19.740000000000002,25.06,2.2,44.65,22.5,25.45,74.45,70.45,1015.425,1014.155,22.975,23.675
NorfolkIsland,15.169999999999998,20.165,5.74,39.45,17.55,20.4,67.9,62.0,1021.6049999999999,1019.635,18.085,19.025
NorfolkIsland,14.015,19.06,2.8,43.15,18.6,22.45,63.1,63.5,1019.8799999999999,1017.97,16.855,17.445
NorfolkIsland,14.530000000000001,19.64,1.9300000000000002,39.75,18.95,21.2,66.4,65.25,1022.4950000000001,1020.5800000000002,17.59,18.155
NorfolkIsland,15.030000000000001,19.565,0.67,39.35,18.35,20.15,63.7,58.75,1023.335,1021.415,17.630000000000003,18.355
NorfolkIsland,16.490000000000002,21.16,1.67,47.15,21.05,21.6,68.15,64.15,1019.885,1017.86,19.125,19.77
NorfolkIsland,13.209999999999999,18.485,4.3,44.15,17.5,21.45,66.3,65.3,1021.8399999999999,1019.7549999999999,16.4,17.235
NorfolkIsland,16.325,21.405,0.8300000000000001,41.5,20.7,21.55,69.3,63.3,1021.18,1019.3799999999999,19.1,20.2
NorfolkIsland,18.805,23.72,0.62,36.85,17.3,20.7,73.4,68.85,1014.53,1013.3399999999999,21.544999999999998,22.475
NorfolkIsland,17.395,22.435,1.3199999999999998,35.4,16.05,19.15,69.35,64.1,1017.8299999999999,1016.0,20.44,21.27
NorfolkIsland,17.965,23.29,1.25,36.75,17.55,21.45,71.3,66.75,1017.9100000000001,1016.35,20.91,21.8
NorfolkIsland,17.72,23.03,6.11,40.15,19.3,19.9,76.15,73.0,1012.3700000000001,1010.9799999999999,20.81,21.759999999999998
NorfolkIsland,18.915,23.8,9.3,44.85,22.7,23.1,71.9,71.1,1014.1600000000001,1013.1850000000001,21.66,22.335
NorfolkIsland,17.384999999999998,23.0,0.9700000000000001,37.7,18.8,20.25,70.7,66.7,1017.0,1015.225,20.685,21.655
NorfolkIsland,14.14,18.86,3.5200000000000005,45.2,22.0,24.0,71.7,69.4,1019.8549999999999,1017.7049999999999,16.785,17.645000000000003
NorfolkIsland,14.580000000000002,19.55,3.29,37.45,18.55,19.55,66.55,64.15,1020.9950000000001,1019.325,17.369999999999997,18.145
NorfolkIsland,13.944999999999999,19.465,1.2899999999999998,36.7,16.0,19.3,66.05,61.35,1021.405,1019.0450000000001,17.244999999999997,18.31
NorfolkIsland,15.6,20.03,3.8200000000000003,34.8,14.9,17.65,74.15,70.6,1020.625,1018.555,18.005,18.955000000000002
NorfolkIsland,14.315000000000001,18.875,3.4899999999999998,39.25,17.45,18.45,70.3,65.1,1021.135,1019.49,16.755000000000003,17.615000000000002
NorfolkIsland,14.190000000000001,19.09,3.4200000000000004,52.2,23.35,24.65,66.75,62.95,1015.115,1012.93,17.035,18.22
NorfolkIsland,14.005,19.05,4.11,38.25,17.35,17.35,73.1,65.95,1021.6600000000001,1019.7549999999999,17.259999999999998,17.86
NorfolkIsland,13.775,19.47,2.5,39.05,17.25,19.3,61.2,62.9,1018.99,1017.305,17.525,17.580000000000002
NorfolkIsland,15.55,20.695,1.185,42.55,20.9,22.6,69.05,64.05,1016.24,1013.9799999999999,18.695,19.46
NorfolkIsland,16.785,21.555,3.28,43.9,19.15,20.6,74.8,70.3,1018.5350000000001,1016.07,19.61,20.29
NorfolkIsland,16.52,20.419999999999998,4.505,43.95,20.4,20.4,75.45,76.2,1020.0200000000001,1017.7700000000001,18.85,19.06
NorfolkIsland,15.12,19.965,1.56,43.85,21.4,18.15,68.15,66.8,1018.54,1016.5899999999999,18.259999999999998,18.65
NorfolkIsland,19.155,24.715,1.2650000000000001,38.95,20.05,21.55,66.95,66.6,1016.7549999999999,1015.24,22.55,23.005000000000003
NorfolkIsland,19.05,24.605,6.05,40.55,18.2,19.55,71.25,69.25,1014.7700000000001,1012.9399999999999,22.89,23.2
NorfolkIsland,17.15,23.255000000000003,2.0900000000000003,36.75,18.85,20.1,67.2,68.0,1017.385,1015.9950000000001,21.494999999999997,21.735
NorfolkIsland,17.35,22.615000000000002,2.31,41.5,17.9,21.45,73.25,69.0,1016.93,1014.865,20.56,21.095
NorfolkIsland,16.625,20.785,5.16,44.8,20.7,22.25,77.0,73.25,1019.29,1017.39,19.05,19.225
NorfolkIsland,17.94,23.5,2.57,41.9,20.2,19.8,65.6,61.4,1017.0899999999999,1015.04,21.130000000000003,21.985
NorfolkIsland,18.825,23.79,1.6800000000000002,43.8,21.75,21.95,73.95,71.2,1020.1,1018.05,21.85,22.080000000000002
NorfolkIsland,21.95,25.889999999999997,11.1,44.55,21.65,21.85,83.2,80.1,1011.21,1009.7850000000001,24.005000000000003,24.405
NorfolkIsland,19.475,24.095,1.6800000000000002,41.5,19.95,21.7,77.2,75.15,1017.03,1015.725,22.07,22.45
NorfolkIsland,19.294999999999998,24.655,6.15,34.5,16.85,16.7,72.1,70.2,1016.055,1014.47,22.79,23.1
NorfolkIsland,18.134999999999998,23.630000000000003,1.3800000000000001,37.3,19.6,20.3,68.05,69.3,1017.9799999999999,1016.32,21.845,22.009999999999998
NorfolkIsland,20.025,25.0,4.130000000000001,38.15,18.8,21.3,76.75,73.7,1015.5350000000001,1014.2950000000001,22.759999999999998,23.525
NorfolkIsland,17.34,22.425,6.18,43.15,20.3,20.2,73.5,72.3,1014.1899999999999,1012.625,20.41,20.89
NorfolkIsland,15.430000000000001,19.915,1.1199999999999999,47.6,22.7,24.85,65.8,62.65,1016.055,1013.945,18.11,18.72
NorfolkIsland,14.255,19.085,3.8899999999999997,46.5,18.15,22.1,68.9,63.75,1016.085,1014.2700000000001,17.1,17.785
NorfolkIsland,16.2,20.195,1.9700000000000002,48.3,22.2,24.15,68.95,66.65,1018.055,1015.75,18.294999999999998,18.96
NorfolkIsland,20.95,25.535,8.27,40.1,18.95,20.95,80.25,74.35,1012.96,1012.335,23.25,24.54
NorfolkIsland,19.095,23.845,2.68,43.5,21.55,23.6,72.0,69.35,1017.1,1015.165,21.735,22.4
NorfolkIsland,18.775,23.785,0.51,45.25,24.2,24.75,69.55,66.2,1017.9649999999999,1016.4350000000001,21.415,22.259999999999998
NorfolkIsland,18.990000000000002,24.4,3.1,42.55,21.8,22.95,69.05,64.2,1018.47,1016.53,21.905,22.96
NorfolkIsland,18.86,24.53,0.7899999999999999,43.95,23.1,23.75,67.0,61.05,1018.32,1016.765,22.05,23.085
NorfolkIsland,18.96,24.975,0.36,36.35,18.85,22.15,64.4,61.5,1018.0600000000001,1016.5799999999999,22.48,23.675
NorfolkIsland,14.015,18.45,8.72,46.4,20.15,22.8,74.55,70.1,1020.57,1018.845,16.695,17.244999999999997
NorfolkIsland,15.23,20.065,3.65,45.9,21.85,22.65,71.95,72.05,1021.5799999999999,1019.4549999999999,18.044999999999998,18.43
NorfolkIsland,15.625,20.665,5.22,49.4,22.35,23.85,71.0,71.1,1014.32,1011.9350000000001,18.52,19.115000000000002
NorfolkIsland,15.540000000000001,20.32,1.29,43.45,21.35,21.95,70.3,67.6,1017.15,1015.0200000000001,18.375,19.1
NorfolkIsland,14.094999999999999,19.335,1.1,40.7,18.6,22.7,64.8,60.8,1019.1,1017.07,17.345,18.055
NorfolkIsland,14.430000000000001,18.935,0.9800000000000001,43.5,19.1,23.35,76.5,71.75,1018.2850000000001,1016.175,16.855,17.8
NorfolkIsland,17.94,24.005000000000003,0.22999999999999998,40.05,21.35,23.4,65.05,60.55,1020.0450000000001,1018.905,21.56,22.445
NorfolkIsland,17.12,23.335,0.47000000000000003,38.2,18.3,20.85,61.8,61.55,1017.3799999999999,1016.0,21.095,21.625
NorfolkIsland,16.605,22.185,0.9199999999999999,35.55,17.65,19.1,68.45,65.55,1018.945,1017.39,19.89,20.794999999999998
NorfolkIsland,15.334999999999999,19.990000000000002,1.81,50.2,24.1,26.25,70.35,68.0,1019.2,1017.575,17.95,18.634999999999998
NorfolkIsland,17.43,21.855,2.74,41.9,20.3,21.45,78.05,76.7,1018.85,1017.5600000000001,19.75,20.125
Nuriootpa,5.835,14.865,6.17,44.8,20.15,21.8,76.3,66.9,1013.5799999999999,1011.8399999999999,11.095,13.530000000000001
Nuriootpa,6.2700000000000005,18.44,2.6399999999999997,40.95,14.45,19.4,72.65,46.25,1015.6850000000001,1013.54,11.965,17.330000000000002
Nuriootpa,8.78,22.345,0.64,46.1,19.9,21.85,60.35,44.8,1015.57,1013.925,15.27,20.485
Nuriootpa,6.45,15.030000000000001,3.165,41.45,14.8,19.45,77.65,62.1,1019.7149999999999,1017.675,10.735000000000001,14.190000000000001
Nuriootpa,9.209999999999999,18.3,3.5,47.5,16.65,20.65,80.05,61.05,1015.21,1013.5350000000001,13.275,16.61
Nuriootpa,5.3,13.905000000000001,2.69,43.7,14.4,21.3,82.2,63.2,1020.64,1018.85,9.315000000000001,12.975
Nuriootpa,5.595000000000001,14.455000000000002,2.13,45.2,14.5,21.25,81.15,67.15,1020.28,1018.095,9.945,12.684999999999999
Nuriootpa,10.465,23.86,1.51,35.85,13.0,16.1,63.55,37.45,1021.72,1018.8299999999999,16.735,22.865000000000002
Nuriootpa,11.145,24.735,0.58,40.05,12.8,15.9,71.7,41.15,1016.74,1014.8100000000001,16.630000000000003,23.31
Nuriootpa,2.7199999999999998,16.169999999999998,0.45,30.25,9.9,13.6,77.25,49.75,1030.135,1027.85,9.225,15.3
Nuriootpa,12.004999999999999,24.735,1.05,40.55,15.15,15.6,64.75,42.2,1015.365,1012.9549999999999,17.244999999999997,23.435000000000002
Nuriootpa,11.03,27.4,0.45999999999999996,45.6,16.1,19.15,54.35,27.3,1014.125,1011.9200000000001,18.895,25.555
Nuriootpa,12.64,28.125,0.18,38.25,13.3,16.0,59.6,31.2,1017.04,1014.8700000000001,18.41,26.580000000000002
Nuriootpa,15.169999999999998,27.955000000000002,3.6449999999999996,43.3,16.05,19.0,62.8,42.55,1012.6299999999999,1011.5,20.305,26.145
Nuriootpa,5.465,15.330000000000002,1.5099999999999998,41.0,12.9,18.15,77.7,59.05,1022.655,1020.55,10.36,14.395
Nuriootpa,11.095,19.25,5.87,38.65,15.25,18.35,76.1,64.2,1017.93,1016.6450000000001,14.135,17.775
Nuriootpa,7.56,16.880000000000003,1.43,40.65,15.8,19.4,78.5,55.95,1022.3950000000001,1020.18,11.7,15.830000000000002
Nuriootpa,6.9799999999999995,17.535,1.8699999999999999,38.4,14.95,17.35,73.15,53.2,1019.99,1017.8399999999999,12.4,16.57
Nuriootpa,5.3100000000000005,13.985,2.63,36.05,12.85,17.65,78.95,60.15,1023.325,1021.3549999999999,9.25,13.13
Nuriootpa,10.645,23.18,2.38,38.35,14.25,16.75,70.25,47.45,1016.3,1013.905,15.86,21.255000000000003
Nuriootpa,9.395,21.380000000000003,1.425,42.55,17.4,21.1,65.3,41.2,1015.71,1013.975,14.925,20.065
Nuriootpa,9.91,22.825,0.945,39.05,15.3,16.25,58.9,39.75,1016.1450000000001,1014.085,15.915000000000001,21.009999999999998
Nuriootpa,14.9,27.105,2.9,39.6,14.1,17.6,65.65,43.2,1017.0350000000001,1015.2549999999999,18.97,25.46
Nuriootpa,15.38,31.814999999999998,0.35,41.2,14.65,15.75,52.5,36.3,1011.1450000000001,1008.8549999999999,22.044999999999998,29.945
Nuriootpa,9.525,24.34,0.345,41.5,13.4,15.15,64.65,38.6,1017.45,1015.765,15.825,22.994999999999997
Nuriootpa,6.035,16.56,1.59,41.6,11.4,18.95,71.5,56.4,1021.9100000000001,1019.5200000000001,11.32,15.1
Nuriootpa,7.88,21.525,0.45,37.25,12.7,17.95,62.9,44.05,1022.9799999999999,1020.765,15.8,19.69
Nuriootpa,5.4799999999999995,15.005,0.7899999999999999,45.1,13.8,19.25,78.4,57.2,1021.275,1018.4350000000001,9.975,14.080000000000002
Nuriootpa,4.66,13.45,2.1900000000000004,39.1,13.5,19.8,84.45,63.6,1023.26,1021.68,8.665000000000001,12.375
Nuriootpa,6.83,16.535,2.2800000000000002,38.2,13.45,18.45,78.55,55.2,1019.485,1017.6,11.015,15.375
Nuriootpa,12.4,25.45,0.33999999999999997,45.7,16.35,17.75,55.3,32.35,1015.35,1012.74,17.240000000000002,24.015
Nuriootpa,10.895,25.22,0.605,39.25,14.6,18.3,63.45,35.65,1019.3700000000001,1016.65,16.6,23.794999999999998
Nuriootpa,13.91,29.630000000000003,0.33999999999999997,40.0,14.6,14.8,51.6,27.35,1015.915,1013.5049999999999,19.93,27.669999999999998
Nuriootpa,14.365,26.305,0.93,43.75,16.1,19.9,63.2,37.4,1013.975,1012.4949999999999,18.71,24.665
Nuriootpa,14.005,29.365,0.42000000000000004,47.1,17.9,19.0,52.25,27.9,1012.11,1009.85,20.125,27.71
Nuriootpa,6.975,15.66,1.05,42.25,16.45,21.35,70.0,61.1,1019.07,1016.885,11.05,14.52
Nuriootpa,5.645,14.559999999999999,1.35,43.6,14.75,20.05,80.55,61.7,1015.905,1014.0,9.66,13.55
Nuriootpa,6.435,15.13,2.63,42.8,15.95,20.15,79.45,61.9,1015.0049999999999,1012.775,10.095,13.9
Nuriootpa,10.879999999999999,24.925,0.7,40.7,15.95,15.95,52.95,35.75,1021.3,1019.57,18.18,23.785
Nuriootpa,6.825,16.75,2.07,46.85,20.5,20.4,70.45,58.25,1015.425,1013.05,12.22,14.745
Nuriootpa,11.855,25.345000000000002,2.41,41.15,12.75,18.25,57.7,39.3,1014.6600000000001,1012.865,17.64,23.15
Nuriootpa,13.275,28.639999999999997,0.12000000000000002,42.55,14.6,18.05,53.7,28.45,1015.8700000000001,1013.775,19.32,26.9
Nuriootpa,13.715,32.12,0.05,43.05,14.0,16.5,43.2,20.0,1015.7049999999999,1013.6700000000001,21.91,30.57
Nuriootpa,8.365,16.025,1.25,33.9,12.7,15.5,83.15,63.3,1025.17,1023.025,11.76,15.135
Nuriootpa,8.57,22.535,0.32999999999999996,34.0,11.6,14.65,63.9,35.75,1022.905,1020.1700000000001,15.2,21.585
Nuriootpa,7.984999999999999,19.955000000000002,1.9900000000000002,39.45,13.35,17.1,72.6,52.8,1020.4100000000001,1018.72,14.13,18.675
Nuriootpa,5.6850000000000005,14.025,2.06,41.4,13.55,20.15,83.45,65.75,1020.04,1017.9399999999999,9.76,13.015
Nuriootpa,6.584999999999999,18.675,1.11,34.3,10.85,14.8,71.45,48.0,1019.375,1016.5649999999999,12.709999999999999,17.445
Nuriootpa,6.575,15.625,1.27,35.35,14.25,17.8,74.15,60.7,1025.0149999999999,1022.76,10.834999999999999,14.48
Nuriootpa,5.42,15.440000000000001,3.22,39.35,13.5,21.05,77.5,62.65,1023.0049999999999,1020.9950000000001,10.2,14.0
Nuriootpa,8.07,18.240000000000002,1.3299999999999998,43.65,16.45,20.7,75.95,57.85,1017.135,1015.375,12.26,16.630000000000003
Nuriootpa,14.465,31.339999999999996,0.45999999999999996,43.15,15.3,17.1,49.15,24.05,1014.96,1012.22,21.740000000000002,29.645
Nuriootpa,11.9,25.839999999999996,2.07,44.7,18.65,19.9,58.8,36.8,1014.775,1013.025,17.9,24.04
Nuriootpa,12.3,28.475,0.31999999999999995,35.95,11.85,14.25,58.0,32.9,1020.235,1017.8950000000001,18.585,27.04
Nuriootpa,13.055000000000001,25.65,2.12,38.5,15.2,16.2,58.95,36.0,1018.6049999999999,1016.2299999999999,18.195,24.630000000000003
Nuriootpa,14.635,28.919999999999998,0.38,44.05,14.05,18.95,58.1,26.75,1018.2700000000001,1016.15,19.755000000000003,27.385
Nuriootpa,11.02,25.925,0.51,43.3,15.05,18.4,58.55,28.55,1017.0049999999999,1014.825,17.015,24.59
Nuriootpa,12.969999999999999,27.339999999999996,0.06999999999999999,42.95,16.25,19.8,55.85,28.35,1014.2700000000001,1012.275,18.04,25.695
Nuriootpa,10.95,24.805,0.5,45.15,16.75,19.05,65.7,35.95,1020.5899999999999,1018.76,16.18,23.375
Nuriootpa,6.525,16.345,1.23,38.3,11.65,16.75,75.45,57.15,1024.185,1022.03,11.41,15.315000000000001
Nuriootpa,8.865,19.880000000000003,1.61,36.15,13.55,15.85,68.6,49.3,1023.51,1021.1049999999999,13.88,18.805
Nuriootpa,7.81,21.369999999999997,0.75,40.25,15.05,19.4,63.8,39.95,1019.6450000000001,1017.425,14.605,20.1
Nuriootpa,7.425,22.365000000000002,0.48,42.2,16.85,20.2,57.85,40.6,1021.135,1018.7149999999999,14.225,20.965
Nuriootpa,6.01,19.335,0.43,41.1,15.8,18.7,61.55,38.95,1022.155,1019.555,13.11,18.45
PearceRAAF,18.855,35.019999999999996,1.6299999999999997,48.75,16.5,20.6,54.75,31.0,1015.53,1013.135,25.1,33.08
PearceRAAF,16.565,31.335,0.5700000000000001,44.1,17.4,24.4,54.25,38.15,1015.57,1013.175,23.905,29.105
PearceRAAF,16.535,31.955000000000002,0.635,44.0,18.05,22.6,52.0,36.25,1014.51,1012.1600000000001,23.43,29.865
PearceRAAF,10.309999999999999,26.994999999999997,1.83,40.85,15.55,22.2,60.15,44.95,1017.9950000000001,1015.24,19.715,25.134999999999998
PearceRAAF,14.705000000000002,30.57,0.85,46.25,17.0,24.6,52.85,37.4,1012.845,1010.51,22.575,28.160000000000004
PearceRAAF,12.16,23.625,3.72,45.05,15.15,19.15,68.55,58.1,1018.4100000000001,1015.765,17.53,20.880000000000003
PearceRAAF,8.01,19.3,2.1599999999999997,39.5,13.65,18.4,76.15,58.6,1025.5549999999998,1023.475,13.35,18.07
PearceRAAF,8.77,19.895,2.95,40.5,15.15,21.0,72.7,54.65,1020.9399999999999,1018.4200000000001,14.325,18.71
PearceRAAF,10.934999999999999,23.405,0.16999999999999998,43.35,17.25,17.15,60.2,39.05,1024.74,1021.8799999999999,16.25,22.735
PearceRAAF,12.24,22.755000000000003,2.0799999999999996,44.65,16.85,19.95,69.45,50.65,1021.1850000000001,1018.305,16.244999999999997,21.165
PearceRAAF,9.975,22.435,1.2,40.75,15.15,18.15,70.15,48.65,1021.47,1018.8149999999999,15.395,21.1
PearceRAAF,18.34,34.38,0.01,47.0,20.0,25.15,45.35,29.3,1011.6700000000001,1008.99,26.064999999999998,31.805
PearceRAAF,18.134999999999998,35.114999999999995,0.0,48.9,17.1,19.95,41.85,22.05,1014.89,1011.6200000000001,25.244999999999997,33.25
PearceRAAF,16.505000000000003,32.775,0.0,51.05,19.6,25.1,44.05,29.45,1014.725,1011.385,23.91,30.764999999999997
PearceRAAF,10.89,24.645,1.01,45.0,17.6,20.75,57.3,44.45,1018.2149999999999,1015.945,18.715,22.740000000000002
PearceRAAF,15.235,32.15,0.039999999999999994,49.65,19.35,25.25,40.95,27.3,1013.1049999999999,1010.305,23.990000000000002,29.645
PearceRAAF,10.275,22.154999999999998,5.0,46.25,13.9,20.7,72.05,49.4,1019.3700000000001,1017.275,15.37,20.869999999999997
PearceRAAF,7.745,19.435,0.25,35.2,13.4,15.4,70.15,53.0,1023.675,1021.11,13.495,18.535
PearceRAAF,11.355,21.3,4.12,40.6,16.05,16.35,64.8,50.15,1022.8549999999999,1020.595,15.49,20.4
PearceRAAF,15.180000000000001,30.225,0.15,46.0,17.4,22.55,52.7,32.0,1018.225,1015.3,21.655,28.439999999999998
PearceRAAF,14.080000000000002,25.775,3.3649999999999998,37.5,15.3,17.2,68.1,49.55,1017.9350000000001,1015.7549999999999,19.41,24.025
PearceRAAF,10.45,26.03,0.04,39.05,14.25,18.9,58.2,38.3,1019.95,1016.915,18.905,24.55
PearceRAAF,10.22,26.865,0.44000000000000006,44.75,17.45,23.65,50.6,42.0,1015.9799999999999,1013.635,20.375,24.445
PearceRAAF,14.515,32.31,0.5900000000000001,47.6,17.8,24.45,47.85,32.25,1011.6049999999999,1008.78,23.845,29.505000000000003
PearceRAAF,8.42,22.235,0.6599999999999999,41.05,15.9,22.5,64.25,45.95,1018.0200000000001,1014.8700000000001,15.544999999999998,20.73
PearceRAAF,7.7299999999999995,18.55,3.7600000000000002,43.15,17.1,19.7,72.85,56.7,1020.555,1018.2049999999999,13.215,17.425
PearceRAAF,8.285,20.22,2.51,48.35,19.3,23.0,69.1,54.0,1016.9399999999999,1014.95,15.26,18.619999999999997
PearceRAAF,11.190000000000001,28.99,0.01,37.95,13.8,16.75,54.9,33.95,1020.135,1016.6600000000001,20.095,27.695
PearceRAAF,10.955,25.369999999999997,1.9700000000000002,40.1,15.2,13.85,56.3,33.15,1021.99,1019.22,17.415,24.405
PearceRAAF,10.709999999999999,24.81,1.3800000000000001,36.75,13.75,17.55,72.55,45.6,1020.875,1018.415,16.64,23.869999999999997
PearceRAAF,16.415,30.01,7.58,50.75,20.45,23.25,59.5,47.7,1011.695,1009.36,22.68,28.445
PearceRAAF,14.505,27.77,0.13,46.2,18.15,23.8,63.75,44.5,1014.6,1012.0200000000001,20.715,26.235000000000003
PearceRAAF,17.195,33.495,0.8800000000000001,46.15,16.9,17.75,49.4,32.7,1015.155,1012.5799999999999,25.23,31.880000000000003
PearceRAAF,14.865,32.3,0.71,48.15,15.9,25.45,49.55,37.0,1014.25,1011.635,24.53,29.335
PearceRAAF,17.294999999999998,33.03,0.74,47.45,20.45,20.15,49.85,32.1,1014.195,1011.405,24.675,30.885
PearceRAAF,12.834999999999999,29.835,0.3,42.35,15.2,24.15,54.5,39.85,1017.2950000000001,1015.18,22.425,27.205000000000002
PearceRAAF,12.855,28.925,0.43,48.4,16.45,21.65,58.05,39.2,1018.195,1015.6450000000001,21.365000000000002,26.919999999999998
PearceRAAF,13.87,31.155,0.02,47.45,17.1,24.35,51.2,34.1,1016.46,1013.665,23.080000000000002,29.064999999999998
PearceRAAF,9.725,19.015,4.13,39.7,13.65,17.1,80.7,59.65,1017.9950000000001,1016.2850000000001,13.419999999999998,17.965
PearceRAAF,7.24,18.725,1.8,35.75,11.6,16.55,78.45,57.8,1021.35,1019.025,12.5,17.869999999999997
PearceRAAF,10.015,21.595,3.37,35.5,14.75,15.55,74.1,54.15,1019.8700000000001,1017.4549999999999,15.27,20.619999999999997
PearceRAAF,16.765,32.53,0.0,45.75,18.75,20.8,52.35,33.75,1016.29,1013.4549999999999,24.165,30.355
PearceRAAF,14.190000000000001,24.165,1.8,37.55,13.6,18.4,77.8,61.1,1019.6700000000001,1017.235,18.825,22.865000000000002
PearceRAAF,9.205,21.55,3.17,34.65,11.35,14.5,72.1,48.4,1022.0649999999999,1019.5649999999999,15.275,20.54
PearceRAAF,7.08,19.985,0.41,33.45,13.3,14.4,68.45,42.7,1023.075,1020.0600000000001,12.584999999999999,19.294999999999998
PearceRAAF,5.785,19.055,3.69,38.35,13.15,17.85,69.75,46.95,1023.595,1020.805,12.36,18.2
PearceRAAF,16.380000000000003,31.135,0.11000000000000001,45.35,19.4,18.7,45.9,28.45,1017.115,1014.195,22.6,29.740000000000002
PearceRAAF,12.195,28.275,0.6599999999999999,42.5,16.75,19.1,52.95,30.15,1019.115,1015.97,19.835,27.085
PearceRAAF,13.495,25.910000000000004,1.1,39.25,14.95,18.75,65.35,39.65,1014.5899999999999,1011.825,18.884999999999998,24.830000000000002
PearceRAAF,17.455000000000002,34.375,0.6599999999999999,56.55,19.05,22.5,44.0,27.35,1010.9100000000001,1008.18,25.169999999999998,32.535000000000004
PearceRAAF,19.48,33.94,0.24,55.25,24.35,23.7,47.3,26.5,1011.945,1008.85,24.8,32.665
PearceRAAF,13.35,29.589999999999996,0.0,45.0,18.1,23.4,43.9,29.8,1016.53,1013.36,21.825,27.485000000000003
PearceRAAF,7.57,21.715,1.3800000000000001,39.9,16.7,18.35,59.9,39.8,1021.8149999999999,1018.76,15.23,20.64
PearceRAAF,12.52,28.169999999999998,0.7,46.9,17.85,24.0,45.25,30.25,1016.6049999999999,1014.025,21.07,26.564999999999998
PearceRAAF,11.45,26.169999999999998,2.15,45.25,14.75,18.25,53.45,33.7,1020.275,1017.275,18.81,24.830000000000002
PearceRAAF,11.745000000000001,25.205000000000002,2.7199999999999998,43.25,15.4,17.15,61.35,40.05,1019.54,1016.7950000000001,17.009999999999998,24.330000000000002
PearceRAAF,7.8950000000000005,20.165,3.255,37.55,13.0,19.0,75.65,47.7,1020.6600000000001,1018.325,12.930000000000001,19.279999999999998
PearceRAAF,18.285,34.040000000000006,0.0,51.45,19.55,20.85,52.95,27.7,1012.915,1010.3149999999999,23.155,32.269999999999996
PearceRAAF,14.36,31.095,0.8300000000000001,47.3,14.7,21.6,59.75,31.95,1014.985,1012.61,20.03,29.49
PearceRAAF,15.444999999999999,32.505,0.0,48.55,19.9,20.45,48.5,25.35,1014.7950000000001,1012.2149999999999,21.585,30.355
PearceRAAF,13.61,31.189999999999998,0.0,47.5,19.25,23.4,39.65,24.25,1017.5,1014.6600000000001,22.935,29.455000000000002
PearceRAAF,18.405,35.65,0.0,52.75,20.1,21.7,38.1,21.9,1012.96,1009.79,25.355,34.045
PearceRAAF,11.815000000000001,25.485,2.4699999999999998,46.6,18.05,22.45,59.2,42.2,1015.3399999999999,1013.0200000000001,18.705000000000002,24.105
PearceRAAF,9.475,21.619999999999997,1.72,42.0,13.15,21.95,69.55,51.0,1019.1850000000001,1016.385,15.73,20.2
Perth,10.02,18.785,2.57,34.3,10.3,13.15,78.85,64.1,1019.95,1017.335,13.55,17.585
Perth,11.8,24.34,0.74,31.05,10.95,13.2,65.3,42.8,1019.5799999999999,1016.425,16.880000000000003,23.11
Perth,11.665000000000001,25.41,1.7399999999999998,30.45,9.45,10.75,60.85,39.15,1021.025,1018.1049999999999,17.655,24.475
Perth,10.635,21.419999999999998,2.59,36.25,9.8,14.05,66.15,49.3,1016.175,1014.1450000000001,16.32,20.14
Perth,13.280000000000001,23.615000000000002,4.09,36.6,14.8,14.5,63.2,48.0,1016.3,1014.5799999999999,18.18,21.945
Perth,9.040000000000001,20.165,5.13,40.8,11.75,15.85,69.55,51.2,1018.775,1016.595,14.62,18.945
Perth,9.675,22.975,0.64,34.4,11.65,16.05,55.0,44.8,1022.525,1019.765,16.93,21.28
Perth,13.544999999999998,27.610000000000003,0.43,37.2,14.25,15.5,39.95,33.5,1018.2049999999999,1015.25,21.56,25.494999999999997
Perth,8.955,22.23,1.0699999999999998,33.3,10.1,13.05,58.1,38.85,1021.165,1018.0450000000001,15.75,21.369999999999997
Perth,10.07,24.78,0.0,36.05,13.85,15.15,49.6,35.2,1023.3149999999999,1020.155,17.725,23.369999999999997
Perth,19.56,32.480000000000004,0.13,40.3,13.1,17.6,51.5,40.45,1010.9100000000001,1008.4100000000001,25.165,30.369999999999997
Perth,19.275,31.675,0.06999999999999999,37.75,12.45,17.35,50.25,38.85,1010.6299999999999,1008.275,24.755000000000003,30.02
Perth,18.03,31.589999999999996,0.8400000000000001,38.7,13.6,16.5,51.4,37.4,1010.0799999999999,1007.625,23.925,29.77
Perth,10.825,24.465,0.7,29.95,10.9,11.35,64.45,41.25,1018.7950000000001,1016.2049999999999,16.57,23.47
Perth,7.415000000000001,20.53,2.05,29.95,7.95,11.85,75.15,48.1,1022.2049999999999,1019.3700000000001,12.955000000000002,19.365000000000002
Perth,8.995000000000001,22.294999999999998,0.9299999999999999,27.5,9.25,10.55,66.95,44.7,1024.17,1021.71,15.205000000000002,21.205000000000002
Perth,9.254999999999999,20.830000000000002,4.91,32.7,9.95,11.95,75.25,56.15,1019.6600000000001,1017.9200000000001,14.655000000000001,19.48
Perth,13.280000000000001,24.965,2.12,38.1,13.05,17.3,56.5,48.15,1015.195,1013.45,19.869999999999997,22.52
Perth,11.58,22.97,2.5300000000000002,36.8,12.75,14.6,61.45,49.85,1018.7149999999999,1016.7,17.82,21.18
Perth,10.715,22.225,2.12,38.2,12.65,15.1,60.65,50.05,1017.4799999999999,1015.5,16.985,20.32
Perth,18.43,30.52,1.16,41.9,12.35,17.05,54.0,42.8,1012.7450000000001,1010.0049999999999,23.985,28.97
Perth,19.630000000000003,33.315,1.49,40.0,15.2,14.3,48.75,36.25,1010.665,1007.7,25.79,31.2
Perth,16.884999999999998,28.314999999999998,3.91,38.85,13.2,18.4,50.05,45.35,1013.585,1010.925,22.75,26.025
Perth,16.615000000000002,27.494999999999997,1.2799999999999998,38.55,12.05,17.55,58.65,47.45,1014.6899999999999,1012.365,21.86,25.764999999999997
Perth,13.89,26.639999999999997,3.13,30.35,9.8,11.2,59.7,46.15,1018.825,1016.1850000000001,19.895,25.115000000000002
Perth,18.185,30.375,0.02,37.25,12.05,16.0,52.05,40.85,1014.905,1012.1,23.395,28.435000000000002
Perth,15.684999999999999,31.76,0.22999999999999998,35.15,12.35,13.05,47.45,28.5,1014.01,1010.57,22.240000000000002,30.15
Perth,14.594999999999999,27.46,0.31999999999999995,34.5,11.4,14.75,62.9,35.9,1019.7700000000001,1017.0600000000001,19.15,26.54
Perth,17.585,30.9,0.26,35.05,9.65,14.25,58.3,43.45,1012.2850000000001,1010.0350000000001,22.815,29.105
Perth,16.535,31.05,0.41,39.15,13.55,16.25,57.6,35.15,1013.21,1010.95,20.869999999999997,29.085
Perth,10.645,20.759999999999998,4.86,40.1,11.1,14.9,74.9,55.3,1013.8799999999999,1011.74,14.915000000000001,19.58
Perth,8.834999999999999,19.009999999999998,6.74,36.25,10.3,13.15,75.25,54.05,1017.265,1015.6899999999999,12.709999999999999,17.869999999999997
Perth,9.795,24.765,2.2600000000000002,30.95,9.85,11.35,61.2,37.95,1021.05,1018.275,16.64,23.36
Perth,8.459999999999999,21.134999999999998,1.7899999999999998,29.0,10.15,11.15,75.9,49.65,1020.76,1018.4799999999999,13.12,20.130000000000003
Perth,9.045,20.785,1.45,36.9,11.4,16.25,62.15,51.6,1018.22,1015.6200000000001,15.790000000000001,19.419999999999998
Perth,7.05,20.675,1.77,34.1,12.2,13.45,64.05,41.6,1023.765,1020.7950000000001,13.62,19.61
Perth,7.125,18.64,4.2,35.9,10.0,13.15,75.5,52.95,1021.8149999999999,1019.64,12.525,17.285
Perth,14.834999999999999,25.31,0.6100000000000001,39.9,11.45,20.15,62.7,45.2,1013.4649999999999,1012.24,19.005000000000003,23.875
Perth,16.765,29.589999999999996,1.1,38.05,12.15,17.1,58.2,40.25,1015.2,1012.6700000000001,21.305,28.244999999999997
Perth,12.27,24.105,2.1399999999999997,40.7,12.4,17.1,57.9,42.95,1017.015,1014.9399999999999,18.025,22.46
Perth,13.985,26.235000000000003,2.6100000000000003,33.5,12.5,15.05,60.8,44.05,1016.8799999999999,1014.4649999999999,19.41,24.884999999999998
Perth,16.57,26.18,1.1199999999999999,33.7,11.0,15.7,68.4,51.25,1013.54,1011.4799999999999,20.35,24.815
Perth,18.490000000000002,32.0,0.0,37.3,12.6,17.25,48.85,37.4,1013.76,1011.3700000000001,24.619999999999997,30.080000000000002
Perth,13.65,27.689999999999998,0.64,34.0,11.85,13.35,55.75,37.6,1019.68,1016.475,19.4,26.439999999999998
Perth,6.385,19.695,2.75,28.8,9.35,10.3,73.35,51.6,1024.205,1022.0799999999999,11.77,18.535
Perth,8.86,20.835,3.72,31.85,8.9,13.25,72.0,48.85,1020.0449999999998,1016.89,13.925,19.915
Perth,9.035,20.565,4.26,29.85,8.4,11.0,69.8,51.0,1018.155,1015.7700000000001,14.13,19.45
Perth,10.92,22.095,0.72,34.95,11.25,16.45,61.1,47.6,1019.9200000000001,1017.74,16.415,20.619999999999997
Perth,12.395,22.715,0.6300000000000001,39.65,14.95,17.05,58.95,49.2,1018.5899999999999,1016.49,17.619999999999997,21.27
Perth,10.965,18.755000000000003,5.8100000000000005,40.95,12.3,16.6,73.35,56.25,1016.4399999999999,1014.825,14.51,17.509999999999998
Perth,14.63,27.375,0.54,41.35,10.85,18.95,51.65,42.65,1014.225,1012.235,21.225,25.22
Perth,18.330000000000002,31.695,0.0,41.2,12.8,19.0,43.55,37.15,1012.79,1010.585,24.575,29.335
Perth,15.05,27.089999999999996,1.8800000000000001,38.95,12.5,18.65,55.7,45.3,1014.345,1012.36,21.34,24.919999999999998
Perth,14.52,27.205000000000002,0.8300000000000001,41.45,13.85,20.1,49.25,41.0,1016.3799999999999,1014.415,21.505000000000003,25.205000000000002
Perth,17.665,31.48,0.03,38.2,13.0,18.95,45.0,38.35,1014.76,1011.8799999999999,24.945,28.755000000000003
Perth,16.205000000000002,27.764999999999997,1.6600000000000001,36.65,10.15,16.5,59.15,47.75,1013.9950000000001,1011.5350000000001,22.15,25.910000000000004
Perth,16.45,28.99,0.22000000000000003,37.2,12.4,16.75,51.7,44.65,1015.7450000000001,1013.57,23.255,26.655
Perth,17.29,27.705000000000002,0.9,33.15,11.1,13.0,61.9,52.1,1018.6,1016.5600000000001,21.985,25.99
Perth,15.205000000000002,24.585,2.87,33.7,10.55,12.25,70.1,54.15,1017.6600000000001,1015.365,19.03,23.25
Perth,18.46,33.565,0.02,36.55,13.15,14.95,46.7,31.05,1016.64,1013.735,25.445,31.905
Perth,14.469999999999999,26.75,3.13,33.85,10.35,14.45,61.9,45.95,1017.1049999999999,1014.385,20.225,25.15
Perth,8.975,19.544999999999998,2.9899999999999998,29.5,9.4,10.7,77.15,56.7,1025.205,1022.635,12.684999999999999,18.4
Perth,11.430000000000001,23.66,1.01,32.6,10.1,12.4,62.45,48.0,1022.615,1020.5600000000001,17.115000000000002,22.455000000000002
Perth,8.834999999999999,21.18,2.82,30.15,8.75,10.95,69.6,49.05,1024.4,1021.7850000000001,14.425,20.419999999999998
PerthAirport,12.515,24.525,1.8799999999999997,46.15,18.85,22.45,59.5,41.8,1017.3299999999999,1015.2,19.009999999999998,23.25
PerthAirport,11.365,22.8,3.55,49.55,17.45,25.2,55.2,46.15,1016.725,1015.0450000000001,18.380000000000003,20.985
PerthAirport,8.785,20.375,3.29,42.9,15.8,21.2,71.1,48.4,1023.265,1020.97,14.684999999999999,19.405
PerthAirport,16.31,30.435000000000002,2.13,48.25,20.55,21.5,54.0,34.55,1014.0350000000001,1011.1200000000001,23.59,29.214999999999996
PerthAirport,18.025,32.165,0.13,52.0,22.25,22.95,46.75,34.35,1014.24,1011.1450000000001,24.515,30.695
PerthAirport,16.585,29.610000000000003,1.81,51.85,24.35,23.9,47.0,33.35,1012.365,1009.47,23.065,28.305
PerthAirport,16.81,30.27,0.76,52.5,21.15,23.25,45.8,33.4,1014.2450000000001,1011.485,23.6,28.95
PerthAirport,15.184999999999999,30.225,0.0,48.85,21.05,19.05,48.05,28.8,1019.4399999999999,1016.055,22.11,28.77
PerthAirport,18.39,31.73,1.2,48.8,20.55,25.2,52.2,40.65,1012.28,1009.4100000000001,23.945,29.05
PerthAirport,18.869999999999997,33.065,0.03,49.45,24.5,22.6,50.55,30.6,1013.6299999999999,1010.115,24.48,31.839999999999996
PerthAirport,10.11,19.15,4.65,41.9,15.85,18.85,77.9,62.2,1017.2299999999999,1015.025,13.440000000000001,17.785
PerthAirport,9.3,20.105,3.9200000000000004,43.65,17.25,20.0,69.95,47.5,1020.6450000000001,1018.225,14.215,18.9
PerthAirport,10.375,19.82,4.13,42.15,17.0,20.25,70.95,49.8,1020.865,1018.4649999999999,14.305000000000001,18.975
PerthAirport,12.790000000000001,25.9,3.8200000000000003,47.75,19.35,25.8,54.05,40.15,1015.2549999999999,1013.0049999999999,19.89,24.509999999999998
PerthAirport,17.669999999999998,27.785000000000004,1.6800000000000002,51.7,23.3,26.95,52.75,50.65,1010.7299999999999,1009.265,23.380000000000003,25.445
PerthAirport,11.059999999999999,23.035,1.7,49.55,20.85,22.75,55.6,45.75,1017.8,1015.6899999999999,18.169999999999998,21.330000000000002
PerthAirport,14.395,26.580000000000002,0.37,42.25,16.95,20.3,57.0,45.7,1015.0649999999999,1012.96,21.59,24.505000000000003
PerthAirport,11.405,23.195,2.29,35.3,15.15,17.35,71.15,44.55,1019.5649999999999,1016.8799999999999,16.815,22.39
PerthAirport,16.825,32.755,1.28,47.45,20.9,20.55,47.75,28.25,1016.3,1013.275,23.77,31.18
PerthAirport,13.745000000000001,27.805,1.45,40.9,18.45,19.8,56.35,37.5,1018.7,1016.11,20.9,26.560000000000002
PerthAirport,10.879999999999999,22.965,1.95,35.85,13.55,17.6,71.15,48.7,1020.9699999999999,1018.6,16.155,21.990000000000002
PerthAirport,14.85,27.939999999999998,1.08,47.5,23.6,21.1,47.15,34.35,1014.905,1012.24,21.28,26.45
PerthAirport,14.365,27.98,0.43000000000000005,42.8,18.6,21.25,49.2,35.2,1017.64,1014.5649999999999,21.335,26.825
PerthAirport,8.379999999999999,20.2,3.65,40.8,15.05,17.3,71.0,44.5,1021.61,1019.35,13.14,19.215
PerthAirport,8.68,20.425,6.12,45.5,14.5,21.5,68.95,51.15,1019.5649999999999,1017.3,14.24,19.384999999999998
PerthAirport,6.83,18.28,2.26,33.7,12.25,15.7,75.35,51.45,1023.61,1021.0899999999999,11.5,17.45
PerthAirport,10.015,21.04,1.94,44.9,17.1,24.8,67.15,49.8,1019.0200000000001,1016.405,15.094999999999999,19.505000000000003
PerthAirport,8.01,20.55,0.6,40.6,17.35,23.3,61.5,47.8,1020.805,1018.6850000000001,15.14,18.925
PerthAirport,6.365,18.695,2.46,39.35,11.6,16.9,74.4,50.95,1022.225,1020.04,12.33,17.669999999999998
PerthAirport,11.775,22.145,5.36,49.55,17.55,22.6,70.1,50.7,1016.22,1014.165,16.525,20.759999999999998
PerthAirport,17.384999999999998,33.965,0.0,47.65,19.3,24.65,37.5,29.7,1012.135,1009.53,25.660000000000004,31.585
PerthAirport,14.1,28.97,0.1,49.3,21.75,23.45,45.9,35.1,1017.4399999999999,1014.735,22.025,27.32
PerthAirport,12.855,27.65,1.4600000000000002,48.35,20.15,24.25,44.3,37.5,1016.125,1013.8549999999999,21.695,25.630000000000003
PerthAirport,13.425,28.28,0.76,46.2,16.75,21.8,56.45,37.1,1016.085,1013.925,18.8,26.385
PerthAirport,16.35,30.74,0.09,48.35,20.5,20.15,53.15,30.7,1018.24,1015.025,20.945,29.464999999999996
PerthAirport,18.675,32.775,0.63,47.45,20.15,22.35,53.2,34.25,1012.175,1009.82,23.165,30.925
PerthAirport,11.209999999999999,24.44,2.0100000000000002,41.7,15.75,19.1,69.25,42.4,1018.3549999999999,1015.75,15.735,23.175
PerthAirport,10.55,19.12,5.01,49.0,19.4,21.0,75.6,61.5,1012.86,1011.47,13.76,17.415
PerthAirport,11.66,26.445,0.0,40.85,16.4,17.5,51.65,33.65,1021.925,1018.9950000000001,18.35,25.265
PerthAirport,11.51,26.130000000000003,1.92,42.15,17.2,20.6,49.7,33.85,1017.2850000000001,1014.64,18.619999999999997,24.78
PerthAirport,8.959999999999999,24.775,0.6100000000000001,46.2,19.2,23.4,42.3,33.45,1020.905,1018.0600000000001,18.72,23.115000000000002
PerthAirport,7.834999999999999,21.130000000000003,2.12,41.65,15.05,21.3,62.15,41.45,1019.9199999999998,1017.0049999999999,14.459999999999999,20.145
PerthAirport,7.55,19.7,2.2,40.65,16.25,18.7,60.75,40.0,1023.4100000000001,1020.8399999999999,13.625,18.6
PerthAirport,17.81,34.39,0.73,57.95,23.3,24.45,44.25,29.2,1010.4799999999999,1007.305,25.44,32.385000000000005
PerthAirport,14.885,30.410000000000004,0.5900000000000001,50.1,23.4,23.55,41.4,32.5,1013.405,1010.735,23.855,28.505000000000003
PerthAirport,14.334999999999999,30.43,0.03,53.95,23.75,23.5,36.15,28.1,1014.4549999999999,1011.5450000000001,23.7,28.475
PerthAirport,14.694999999999999,27.575,0.43000000000000005,41.05,18.85,20.25,56.85,40.55,1018.07,1015.595,20.630000000000003,26.23
PerthAirport,15.49,27.139999999999997,1.16,45.55,21.8,20.85,61.25,43.2,1014.635,1012.1,20.384999999999998,25.68
PerthAirport,17.625,32.714999999999996,0.0,48.65,21.2,23.1,48.35,32.5,1014.835,1011.8799999999999,24.145,30.915
PerthAirport,14.465,27.055,0.9099999999999999,44.1,19.75,20.75,59.0,41.5,1019.04,1016.5350000000001,19.615000000000002,25.655
PerthAirport,5.35,18.355,3.8299999999999996,34.75,13.05,14.75,73.55,43.2,1023.1700000000001,1020.615,10.084999999999999,17.380000000000003
PerthAirport,8.89,23.815,0.08,34.8,15.3,17.05,58.0,37.7,1022.8299999999999,1020.21,16.130000000000003,22.619999999999997
PerthAirport,9.004999999999999,21.305,3.29,38.5,13.65,17.0,70.55,43.7,1018.97,1016.4100000000001,14.255,20.275
PerthAirport,17.65,31.585,0.03,50.4,22.7,21.6,48.85,32.7,1017.18,1014.1,23.81,30.014999999999997
PerthAirport,19.22,31.610000000000003,0.4,42.35,16.95,23.85,50.55,42.0,1014.4,1011.975,25.619999999999997,29.665
PerthAirport,16.845,31.22,0.01,46.9,22.5,21.7,45.35,33.6,1014.8799999999999,1012.18,24.055,29.435000000000002
PerthAirport,11.19,23.445,4.4799999999999995,41.9,15.25,21.65,66.95,44.25,1017.74,1015.68,16.669999999999998,22.365000000000002
PerthAirport,9.265,19.81,1.92,37.3,12.5,18.8,76.75,53.25,1021.04,1018.7,13.66,18.805
PerthAirport,14.535,24.775,1.86,42.2,17.8,20.3,68.05,52.45,1020.5200000000001,1018.32,19.195,23.585
PerthAirport,10.215,21.5,2.81,40.35,13.4,19.15,68.45,50.55,1019.405,1016.85,15.569999999999999,20.52
PerthAirport,7.970000000000001,19.794999999999998,3.88,44.05,16.9,20.55,65.8,44.55,1023.1850000000001,1020.925,13.690000000000001,18.665
PerthAirport,9.395,19.68,1.2,38.45,16.25,19.55,72.3,55.1,1024.955,1022.5649999999999,13.035,18.395
PerthAirport,10.559999999999999,21.065,2.82,41.8,17.7,19.15,70.95,48.4,1022.3950000000001,1020.01,15.035,19.93
PerthAirport,15.594999999999999,28.74,0.86,49.3,20.55,24.8,46.95,38.2,1015.385,1013.345,23.06,26.635
Portland,11.945,20.115000000000002,1.75,34.35,11.35,16.15,89.7,69.25,1019.7549999999999,1018.25,15.059999999999999,18.8
Portland,11.155,21.05,0.58,38.3,13.95,21.2,82.5,61.75,1020.265,1019.5649999999999,15.059999999999999,19.395
Portland,10.42,17.73,2.07,36.85,15.7,15.85,85.8,73.45,1020.195,1018.775,13.819999999999999,16.805
Portland,9.3,18.169999999999998,5.06,44.3,16.55,19.55,83.75,61.45,1016.765,1015.4799999999999,12.86,17.145
Portland,10.754999999999999,20.015,1.28,42.25,16.85,20.5,77.4,66.2,1014.3799999999999,1013.7149999999999,14.794999999999998,18.45
Portland,11.02,15.705000000000002,4.46,39.6,18.45,20.3,82.4,76.65,1018.3399999999999,1018.3100000000001,12.64,14.065000000000001
Portland,14.55,26.6,0.04,40.2,15.5,20.35,67.25,50.05,1015.1700000000001,1014.9200000000001,19.485,24.06
Portland,10.045,19.66,1.2399999999999998,42.9,15.7,22.2,74.9,69.0,1017.14,1015.9649999999999,15.13,17.740000000000002
Portland,10.334999999999999,18.475,0.8699999999999999,48.6,23.1,24.7,71.15,61.85,1017.3950000000001,1017.55,13.905000000000001,16.515
Portland,9.07,19.36,1.6,50.65,20.2,25.9,74.05,63.35,1013.805,1012.8100000000001,13.74,17.130000000000003
Portland,11.475,21.354999999999997,0.72,42.65,17.25,22.95,73.0,61.55,1016.3700000000001,1015.445,15.875,19.35
Portland,10.290000000000001,18.009999999999998,2.15,38.95,17.05,18.45,82.7,72.9,1014.325,1013.7700000000001,13.459999999999999,16.27
Portland,6.995,13.209999999999999,6.38,42.85,18.75,20.6,86.45,74.45,1017.8799999999999,1016.0049999999999,9.4,12.455
Portland,7.765000000000001,14.77,3.6799999999999997,48.9,17.8,23.6,81.0,72.3,1018.7,1017.15,11.115,13.790000000000001
Portland,8.095,14.605,2.12,40.25,15.55,19.0,75.6,68.05,1022.99,1021.8100000000001,11.0,13.315000000000001
Portland,8.045,15.73,0.85,39.45,15.15,19.25,75.65,69.15,1024.1,1023.1899999999999,11.575,14.245
Portland,7.845000000000001,17.815,1.7600000000000002,41.7,18.3,21.55,79.05,67.45,1017.0899999999999,1016.1899999999999,12.905000000000001,16.2
Portland,8.285,19.0,1.1,40.8,16.45,19.6,70.25,61.0,1017.4799999999999,1016.49,14.05,17.145
Portland,11.195,22.535,0.8600000000000001,38.0,16.05,20.1,69.9,58.45,1016.835,1016.04,16.475,21.04
Portland,9.355,18.509999999999998,2.46,42.5,17.3,21.05,77.35,66.3,1020.01,1018.925,13.155000000000001,15.99
Portland,7.2700000000000005,13.39,6.11,40.95,15.5,18.8,80.25,71.2,1020.0649999999999,1019.04,9.615,12.495000000000001
Portland,7.095000000000001,13.294999999999998,3.35,51.8,19.35,25.8,80.25,75.15,1017.74,1017.4350000000001,9.68,12.095
Portland,7.62,14.255,2.9,42.3,15.7,19.2,84.35,69.9,1020.3799999999999,1018.415,10.24,12.809999999999999
Portland,8.475,15.775,8.67,59.1,24.1,29.4,82.55,66.9,1011.925,1010.865,10.985,13.985
Portland,7.815,14.2,7.540000000000001,45.45,18.85,22.3,93.0,81.7,1015.9200000000001,1014.54,9.765,13.080000000000002
Portland,7.92,17.46,5.59,49.05,21.35,24.3,77.55,65.4,1016.4649999999999,1015.1600000000001,12.120000000000001,15.73
Portland,9.61,15.515,2.8,53.8,24.0,26.55,82.25,74.4,1013.07,1012.7299999999999,12.27,14.040000000000001
Portland,9.834999999999999,17.604999999999997,3.05,40.8,17.15,19.0,79.8,66.5,1016.82,1015.7,13.515,16.35
Portland,11.51,20.36,1.56,43.3,14.45,21.9,79.95,64.75,1018.35,1016.8700000000001,15.245,18.91
Portland,7.970000000000001,15.719999999999999,3.0900000000000003,38.6,14.3,16.9,86.45,68.8,1021.665,1020.885,10.77,14.89
Portland,9.8,16.65,4.96,41.25,17.7,18.8,81.0,72.45,1020.2850000000001,1018.665,12.514999999999999,15.34
Portland,8.845,15.315000000000001,3.8200000000000003,42.5,17.3,20.7,85.25,75.3,1016.99,1015.5649999999999,12.14,13.865
Portland,6.845000000000001,14.9,3.1100000000000003,47.6,18.05,23.6,76.25,62.45,1017.64,1015.85,10.345,13.89
Portland,7.625,15.88,3.2600000000000002,53.8,20.9,27.9,70.95,62.5,1014.11,1013.75,11.655,14.209999999999999
Portland,8.095,15.569999999999999,3.81,57.9,23.35,27.4,75.35,68.7,1006.5799999999999,1005.2,11.415000000000001,13.809999999999999
Portland,9.0,16.215,4.66,53.1,19.9,24.2,78.9,71.3,1015.18,1013.36,11.865,14.919999999999998
Portland,9.35,18.744999999999997,2.69,35.3,13.5,17.45,80.9,59.4,1020.075,1018.64,13.319999999999999,17.39
Portland,7.409999999999999,12.64,4.89,53.0,24.0,23.9,80.45,76.35,1015.7450000000001,1014.8700000000001,9.459999999999999,11.559999999999999
Portland,7.484999999999999,13.809999999999999,4.880000000000001,45.5,16.55,19.3,85.65,73.1,1016.575,1016.015,9.504999999999999,12.535
Portland,11.135,18.990000000000002,1.8800000000000001,34.2,12.35,16.3,79.0,67.15,1022.32,1020.3299999999999,14.330000000000002,17.445
Portland,12.215,23.065,0.4,36.55,14.45,20.5,78.8,58.25,1019.05,1018.01,15.885,21.315
Portland,6.51,14.515,1.97,32.75,12.3,15.9,86.6,71.35,1026.865,1025.28,9.209999999999999,13.34
Portland,8.9,17.355,1.6600000000000001,37.7,15.95,18.95,82.7,66.6,1019.485,1018.0649999999999,12.65,16.22
Portland,12.15,22.285,2.08,42.0,15.6,20.65,75.25,60.45,1012.5600000000001,1011.93,16.009999999999998,20.465
Portland,10.889999999999999,21.955000000000002,1.1700000000000002,38.05,13.25,18.7,69.0,56.75,1016.45,1014.8299999999999,15.84,20.005000000000003
Portland,12.485,21.085,1.94,44.55,16.0,24.2,72.95,61.75,1012.8149999999999,1012.47,16.395,19.384999999999998
Portland,11.36,19.685,2.36,40.25,15.65,19.2,76.35,64.5,1016.4100000000001,1016.235,15.275,17.935
Portland,8.08,14.87,3.8600000000000003,40.3,16.35,19.95,88.2,73.65,1023.45,1022.115,10.315000000000001,13.62
Portland,8.555,13.91,3.7600000000000002,44.8,17.75,21.9,85.95,76.65,1021.635,1020.43,10.58,12.715
Portland,6.764999999999999,13.375,1.95,43.05,14.95,22.15,84.1,75.05,1021.525,1019.75,9.334999999999999,11.955
Portland,7.8,16.1,1.98,42.7,16.2,20.8,83.65,68.9,1024.315,1022.8149999999999,10.585,14.575
Portland,12.355,23.130000000000003,0.12,40.4,16.6,21.8,77.3,59.15,1014.89,1013.625,16.369999999999997,21.35
Portland,10.53,18.21,1.6300000000000001,43.3,17.55,21.55,75.0,65.05,1020.2850000000001,1019.9,14.155000000000001,16.66
Portland,10.0,18.16,1.53,39.45,13.85,20.1,78.55,69.65,1017.9,1017.0049999999999,14.030000000000001,16.330000000000002
Portland,11.465,21.405,1.75,38.2,14.95,19.15,77.45,59.2,1017.515,1015.86,14.705000000000002,19.744999999999997
Portland,13.469999999999999,24.48,0.26,35.35,14.0,18.85,72.05,57.85,1015.7149999999999,1015.1200000000001,18.565,22.235
Portland,12.405,23.69,0.64,36.75,12.7,19.45,70.4,51.55,1018.8950000000001,1017.575,16.575,21.735
Portland,12.76,20.695,3.45,35.5,10.75,18.85,77.95,66.6,1019.0200000000001,1018.3700000000001,16.28,18.875
Portland,11.584999999999999,21.445,0.48,41.35,17.75,22.15,71.25,63.35,1019.475,1019.11,16.07,18.68
Portland,9.605,18.23,1.06,41.45,18.55,20.9,73.4,66.7,1022.2450000000001,1020.8399999999999,13.365,16.119999999999997
Portland,10.629999999999999,22.725,0.93,43.6,17.35,23.6,69.1,52.5,1016.655,1015.725,16.285,20.580000000000002
Portland,11.665000000000001,21.169999999999998,0.78,43.9,18.65,23.7,66.4,58.4,1018.0799999999999,1017.15,15.87,18.725
Portland,10.5,21.580000000000002,1.8199999999999998,42.4,17.6,23.2,68.9,52.0,1016.165,1015.075,15.184999999999999,19.665
Portland,12.790000000000001,21.955000000000002,1.81,40.65,16.75,20.6,77.5,60.35,1018.8950000000001,1018.835,16.325,19.56
Richmond,9.405,18.8,3.53,31.95,9.15,13.25,86.45,64.7,1020.375,1018.5200000000001,13.59,17.675
Richmond,9.595,23.630000000000003,1.69,34.5,9.9,15.6,69.2,38.55,1016.95,1013.975,15.86,22.65
Richmond,10.834999999999999,26.955000000000002,0.5800000000000001,47.85,12.45,22.45,50.3,30.3,1014.0049999999999,1011.055,18.835,24.509999999999998
Richmond,9.805,23.775,1.39,40.3,11.2,19.4,62.65,37.95,1014.025,1010.985,16.4,22.44
Richmond,9.965,25.945,0.26,35.6,7.4,15.05,64.15,37.1,1018.96,1015.01,17.435,23.975
Richmond,12.969999999999999,28.560000000000002,0.51,41.45,8.6,16.75,64.15,38.25,1016.57,1012.9200000000001,20.055,26.82
Richmond,14.84,27.24,7.390000000000001,37.1,7.55,15.95,71.15,50.45,1017.4799999999999,1015.1850000000001,20.125,25.59
Richmond,9.59,24.07,2.85,42.8,10.3,20.0,71.7,47.25,1018.3149999999999,1014.75,15.875,22.71
Richmond,5.535,20.105,0.15999999999999998,36.6,8.95,17.1,72.25,40.15,1020.975,1018.5899999999999,12.0,19.14
Richmond,6.215,20.805,0.58,34.05,8.35,15.65,72.9,41.85,1021.4200000000001,1017.735,12.725,19.9
Richmond,8.709999999999999,20.525,4.17,38.45,12.55,15.7,74.2,49.9,1022.95,1019.8399999999999,13.905000000000001,19.19
Richmond,13.915000000000001,26.375,1.6099999999999999,36.65,9.2,14.85,71.05,42.55,1016.05,1012.9549999999999,18.955000000000002,25.125
Richmond,14.895,28.75,1.5799999999999998,40.25,8.25,17.3,65.85,37.35,1014.6450000000001,1011.3100000000001,20.630000000000003,27.2
Richmond,15.305000000000001,25.585,2.4899999999999998,30.8,8.2,12.8,82.0,56.25,1019.25,1017.22,19.369999999999997,24.535
Richmond,17.634999999999998,28.595,3.02,35.6,10.65,13.9,75.35,51.25,1015.7850000000001,1013.3549999999999,21.16,26.464999999999996
Richmond,18.255000000000003,31.225,0.44000000000000006,40.9,9.7,16.8,65.7,42.3,1014.9549999999999,1011.97,22.875,29.805
Richmond,16.485,27.255000000000003,2.1,34.3,7.25,13.25,76.1,56.3,1015.845,1013.4649999999999,20.47,26.044999999999998
Richmond,7.825,18.665,1.58,46.55,12.8,21.9,68.85,50.95,1016.51,1014.575,13.12,17.134999999999998
Richmond,10.504999999999999,21.715,2.9,40.45,12.35,17.2,74.55,53.65,1015.7149999999999,1013.4950000000001,15.6,20.259999999999998
Richmond,8.584999999999999,20.669999999999998,1.8800000000000001,36.85,10.2,19.15,71.0,48.8,1021.5,1018.75,14.934999999999999,19.565
Richmond,8.2,20.185,1.04,41.6,11.8,18.6,70.9,44.75,1019.375,1016.54,13.844999999999999,19.46
Richmond,15.495,27.205000000000002,1.78,35.65,7.45,17.05,78.0,54.9,1015.6049999999999,1011.655,20.165,25.865
Richmond,13.55,24.095,6.9799999999999995,35.65,10.1,14.25,77.35,53.35,1018.2950000000001,1016.3700000000001,17.735,22.865000000000002
Richmond,15.184999999999999,26.064999999999998,2.3,33.45,7.85,14.75,76.35,52.65,1016.57,1013.7149999999999,19.4,24.86
Richmond,9.605,22.2,1.52,43.45,13.65,20.6,69.55,48.75,1015.525,1012.9950000000001,15.975,20.34
Richmond,5.6049999999999995,19.32,2.7399999999999998,40.15,9.75,18.3,76.55,48.35,1019.3549999999999,1016.46,12.165000000000001,17.869999999999997
Richmond,8.76,21.119999999999997,3.2299999999999995,41.05,12.1,16.05,65.8,45.65,1018.6200000000001,1015.625,15.16,19.81
Richmond,6.6450000000000005,19.54,0.99,35.35,7.8,18.15,78.7,51.0,1019.85,1017.0450000000001,12.625,18.169999999999998
Richmond,12.819999999999999,20.925,3.34,34.1,10.9,13.0,75.85,61.45,1017.32,1015.595,16.494999999999997,19.34
Richmond,14.834999999999999,26.21,1.3,36.8,8.35,14.6,75.2,55.05,1017.675,1014.55,19.485,24.91
Richmond,17.130000000000003,29.15,2.95,42.1,7.7,14.35,79.9,51.4,1013.025,1010.4200000000001,21.130000000000003,27.73
Richmond,18.455000000000002,31.23,0.16,34.45,8.6,14.8,77.55,49.4,1016.64,1013.635,22.625,29.375
Richmond,15.830000000000002,31.755000000000003,0.15,44.05,7.9,22.15,70.5,40.25,1014.78,1011.115,21.835,29.619999999999997
Richmond,15.86,25.535,8.91,36.8,11.05,15.6,74.6,61.75,1016.65,1014.79,19.634999999999998,23.195
Richmond,6.955,20.009999999999998,4.2,37.55,9.15,17.45,77.2,50.6,1017.615,1014.7,11.995000000000001,18.895
Richmond,6.04,19.825,0.41,35.5,7.7,16.15,76.95,44.2,1020.64,1017.65,11.99,18.72
Richmond,11.809999999999999,25.77,0.22000000000000003,29.55,9.5,15.4,76.6,49.55,1022.65,1019.235,17.955000000000002,24.04
Richmond,9.24,23.15,2.8,30.35,9.15,13.7,81.0,51.2,1019.7950000000001,1016.65,15.094999999999999,21.994999999999997
Richmond,5.92,17.48,1.8,30.1,5.75,11.95,88.05,59.45,1021.555,1019.125,9.925,16.84
Richmond,9.2,20.355,4.5600000000000005,29.65,8.3,11.75,84.15,57.7,1022.805,1020.29,12.905000000000001,19.035
Richmond,12.440000000000001,21.98,14.330000000000002,37.45,11.9,16.55,82.95,60.35,1017.765,1015.115,16.28,20.73
Richmond,11.434999999999999,24.845,1.25,34.6,9.55,15.35,73.75,49.35,1025.095,1022.305,17.075,23.57
Richmond,13.809999999999999,27.04,3.87,35.65,9.2,15.7,75.35,49.4,1020.01,1016.655,19.645,25.744999999999997
Richmond,6.62,21.06,1.52,38.85,9.25,17.9,71.25,44.05,1021.01,1018.0799999999999,13.495,19.805
Richmond,7.654999999999999,20.955000000000002,0.67,34.2,9.15,14.35,78.85,48.4,1024.4450000000002,1020.4799999999999,13.530000000000001,20.095
Richmond,13.14,24.225,1.85,34.35,8.6,13.8,81.05,56.4,1016.57,1013.4100000000001,17.244999999999997,23.15
Richmond,16.955000000000002,27.29,4.6,34.25,9.25,14.1,79.55,55.55,1016.4950000000001,1014.03,20.490000000000002,25.880000000000003
Richmond,12.225,24.0,2.2600000000000002,31.4,8.55,15.55,79.15,55.6,1023.1600000000001,1019.765,17.185,22.535
Richmond,8.955,21.945,5.43,28.7,6.75,13.7,83.7,50.2,1021.885,1019.135,14.035,20.71
Richmond,14.275,29.18,0.96,42.85,9.4,20.65,64.25,38.8,1016.0350000000001,1012.3799999999999,19.955000000000002,27.525
Richmond,12.89,27.839999999999996,1.5999999999999999,41.4,9.45,17.9,68.55,38.05,1017.3100000000001,1013.6200000000001,18.580000000000002,26.615
Richmond,17.875,31.4,1.1,43.5,7.65,18.2,70.1,41.9,1014.1200000000001,1010.28,22.455000000000002,29.994999999999997
Richmond,16.94,29.095,8.540000000000001,46.05,11.1,16.8,74.2,50.55,1014.21,1010.5649999999999,21.244999999999997,27.26
Richmond,10.584999999999999,25.34,1.5100000000000002,46.35,13.6,21.55,61.2,37.05,1013.0350000000001,1009.9,17.275,23.71
Richmond,9.41,25.585,0.02,36.2,9.2,16.9,62.15,38.9,1015.945,1011.89,16.740000000000002,24.119999999999997
Richmond,6.715000000000001,19.015,2.07,34.3,9.55,15.1,78.4,51.2,1019.74,1017.115,12.215,17.935
Richmond,12.35,25.97,2.87,32.4,7.2,14.55,73.75,47.15,1018.0799999999999,1014.76,17.89,24.75
Richmond,19.225,30.785000000000004,6.01,36.7,12.05,17.4,72.8,52.25,1015.11,1012.885,23.229999999999997,28.619999999999997
Richmond,18.025,32.13,1.6,39.95,10.0,19.4,66.45,42.1,1014.0799999999999,1010.345,22.725,30.18
Richmond,18.68,31.03,0.75,35.85,9.65,16.4,65.9,47.35,1013.155,1010.55,23.69,28.805
Richmond,9.545,22.11,1.6400000000000001,34.15,9.75,13.45,77.75,52.95,1017.8550000000001,1015.445,14.6,21.065
Richmond,8.99,19.865000000000002,2.19,39.0,12.15,16.95,71.65,53.6,1020.5350000000001,1017.5949999999999,14.485,18.685
Richmond,7.014999999999999,23.615000000000002,0.54,43.7,9.15,18.55,62.95,37.25,1015.74,1011.875,14.8,22.65
Richmond,16.32,28.805,7.109999999999999,37.5,9.6,17.05,77.35,51.05,1014.89,1012.0350000000001,20.595,27.514999999999997
Sale,5.755,18.044999999999998,1.7,44.7,14.8,24.1,76.05,54.0,1016.445,1014.1200000000001,12.004999999999999,16.145
Sale,8.995000000000001,21.29,3.05,40.05,12.75,22.6,79.3,56.15,1017.7850000000001,1015.3100000000001,14.080000000000002,19.94
Sale,4.495,14.675,2.68,40.65,15.7,19.3,81.9,59.95,1021.03,1019.2950000000001,8.645,13.465
Sale,4.255,15.475,2.33,34.2,11.0,18.15,88.3,63.75,1020.615,1018.2850000000001,9.105,14.594999999999999
Sale,13.7,22.880000000000003,4.64,44.7,19.05,23.85,78.0,59.85,1018.1299999999999,1016.85,17.29,21.794999999999998
Sale,9.940000000000001,21.82,0.25,39.2,12.3,17.6,82.25,55.45,1020.26,1017.9350000000001,14.184999999999999,20.085
Sale,11.595,21.85,1.34,42.4,16.65,24.05,74.3,53.55,1013.6450000000001,1012.07,16.485,20.419999999999998
Sale,12.885,25.814999999999998,0.13,40.5,12.9,25.8,74.15,50.55,1017.05,1015.2,18.35,24.27
Sale,12.16,22.75,4.529999999999999,49.0,18.45,27.5,71.75,51.75,1012.55,1011.35,16.285,20.975
Sale,13.194999999999999,25.785000000000004,1.52,40.9,13.5,24.45,73.4,51.4,1014.635,1012.2049999999999,18.330000000000002,23.93
Sale,12.18,24.285,1.48,45.2,15.5,22.4,74.85,54.15,1016.28,1014.49,16.82,22.065
Sale,6.9,19.84,0.10999999999999999,48.35,20.3,27.7,66.1,49.85,1019.89,1017.375,13.725,18.15
Sale,8.05,18.955000000000002,0.89,43.5,16.6,24.45,76.55,58.1,1016.615,1014.7,12.89,17.509999999999998
Sale,6.015,16.05,0.99,33.75,14.2,16.4,84.95,62.75,1022.46,1020.7950000000001,10.135,14.794999999999998
Sale,5.875,16.1,1.1400000000000001,43.0,13.6,21.85,86.7,64.25,1017.5600000000001,1016.3399999999999,9.559999999999999,14.705000000000002
Sale,13.690000000000001,23.580000000000002,4.68,43.55,16.7,20.7,79.6,55.4,1014.5899999999999,1013.6450000000001,16.815,22.16
Sale,11.91,22.630000000000003,3.3,40.05,14.7,19.85,79.6,57.95,1017.04,1015.45,15.49,21.165
Sale,5.485,16.23,2.84,33.5,12.9,16.15,88.5,67.2,1022.2950000000001,1020.74,9.235,15.080000000000002
Sale,3.535,14.355,1.2799999999999998,33.1,12.7,18.45,85.9,62.75,1023.5649999999999,1021.5899999999999,7.365,13.355
Sale,10.405,23.14,0.9299999999999999,42.25,12.65,21.85,79.15,48.8,1016.64,1014.945,15.15,21.425
Sale,7.545,19.505000000000003,1.06,34.25,10.45,16.85,83.5,55.2,1023.155,1020.9200000000001,12.129999999999999,18.46
Sale,7.915000000000001,19.880000000000003,1.51,47.85,14.8,23.95,72.9,58.55,1014.78,1013.3700000000001,13.61,17.94
Sale,8.845,20.43,1.69,49.75,17.0,23.45,73.85,54.85,1013.8100000000001,1012.165,14.77,18.82
Sale,6.6,18.275,1.25,54.45,17.9,28.55,73.55,48.6,1014.97,1012.68,12.415000000000001,16.97
Sale,5.675,16.48,1.2,49.85,21.8,26.85,73.95,56.15,1012.9950000000001,1010.4649999999999,10.655,15.015
Sale,7.640000000000001,18.335,0.51,44.2,12.7,24.8,77.3,52.6,1021.2299999999999,1018.9549999999999,12.370000000000001,17.315
Sale,4.029999999999999,14.725,0.74,39.25,11.7,20.1,81.0,56.45,1015.7149999999999,1013.5799999999999,8.78,13.729999999999999
Sale,4.615,15.694999999999999,0.37,42.95,15.15,20.15,77.35,56.3,1019.61,1017.725,9.855,14.355
Sale,6.21,16.869999999999997,1.56,36.35,12.75,18.9,87.3,63.8,1020.35,1018.235,10.715,15.444999999999999
Sale,5.14,15.395,2.8,39.6,13.3,20.55,81.2,65.1,1021.8549999999999,1020.0799999999999,9.78,13.925
Sale,10.665000000000001,22.435,2.5100000000000002,39.3,13.25,21.85,72.5,56.15,1016.57,1015.0350000000001,16.490000000000002,20.494999999999997
Sale,11.98,25.785000000000004,0.030000000000000006,43.1,13.2,23.75,63.9,42.9,1013.5450000000001,1011.015,18.195,24.355
Sale,5.3950000000000005,18.86,1.06,50.2,16.8,27.65,67.55,55.2,1014.415,1012.0,13.535,16.805
Sale,6.5,19.2,1.8199999999999998,47.75,18.15,24.05,71.85,51.5,1018.385,1016.8299999999999,13.3,17.66
Sale,11.55,24.67,1.39,45.7,14.6,22.85,74.2,50.65,1014.945,1013.5350000000001,16.7,22.740000000000002
Sale,12.795,25.535,0.44000000000000006,45.85,12.95,28.25,83.0,50.55,1016.515,1015.095,16.994999999999997,23.86
Sale,11.545,24.28,0.6900000000000001,43.3,12.85,22.9,72.65,53.9,1013.8799999999999,1012.135,16.605,22.1
Sale,13.715,25.4,2.07,45.9,13.55,24.0,75.55,55.9,1013.01,1011.135,18.244999999999997,24.065
Sale,12.540000000000001,25.259999999999998,0.27999999999999997,46.4,15.7,27.5,73.2,48.3,1016.68,1015.68,17.720000000000002,23.675
Sale,13.015,26.6,1.31,44.6,14.8,22.35,78.45,49.95,1014.1899999999999,1012.1700000000001,16.8,24.425
Sale,10.504999999999999,23.105,0.6,41.4,13.1,22.95,80.8,54.05,1019.325,1017.765,15.255,20.98
Sale,11.67,23.369999999999997,2.94,40.85,15.7,22.2,78.1,58.9,1015.445,1014.2,16.735,21.415
Sale,10.195,24.91,0.45,47.25,13.6,24.65,75.5,46.45,1012.5649999999999,1010.6049999999999,15.780000000000001,22.89
Sale,7.3950000000000005,18.53,1.34,48.1,15.85,22.7,78.25,58.4,1016.235,1014.2,12.375,17.175
Sale,5.91,16.435,1.7,33.95,13.35,16.65,88.7,65.6,1020.3549999999999,1017.9350000000001,9.985,15.505
Sale,15.690000000000001,27.8,0.22000000000000003,37.7,11.8,21.3,82.7,53.2,1018.6450000000001,1017.1850000000001,19.380000000000003,26.264999999999997
Sale,10.525,21.095,2.05,35.05,13.0,20.4,83.6,62.0,1021.07,1019.7299999999999,14.194999999999999,19.41
Sale,7.595000000000001,17.925,2.04,49.4,18.05,25.55,73.85,56.4,1012.2700000000001,1009.765,12.425,16.415
Sale,7.475,20.23,2.32,52.3,18.35,24.0,73.55,53.95,1013.825,1011.72,13.4,18.47
Sale,5.225,15.575,2.04,41.75,13.95,22.55,85.9,62.8,1019.5600000000001,1017.885,9.325,14.255
Sale,5.93,15.805000000000001,1.3,41.1,16.05,21.65,81.85,63.9,1018.735,1016.615,10.415000000000001,14.334999999999999
Sale,9.055,21.465,1.8699999999999999,43.45,13.4,21.05,84.7,51.45,1019.7049999999999,1018.5899999999999,13.559999999999999,20.095
Sale,11.045,23.86,0.75,40.3,12.55,22.25,80.7,51.75,1020.65,1018.055,16.18,22.435
Sale,13.465,26.805,0.5800000000000001,43.85,11.6,23.1,74.1,49.95,1015.65,1014.195,19.119999999999997,24.455000000000002
Sale,14.635,26.085,2.0,40.85,16.1,22.5,77.65,54.6,1015.2049999999999,1013.475,18.759999999999998,24.05
Sale,9.385,22.04,0.8699999999999999,47.2,13.75,24.3,74.75,52.3,1016.265,1014.6850000000001,14.580000000000002,20.43
Sale,2.425,14.035,0.3,32.7,11.75,17.3,86.3,56.0,1022.9100000000001,1020.7850000000001,7.1,13.209999999999999
Sale,3.3950000000000005,15.2,0.8699999999999999,40.2,15.35,21.15,77.9,57.2,1015.93,1013.45,8.915000000000001,13.815000000000001
Sale,5.925,16.915,1.6800000000000002,38.3,15.1,21.45,86.1,56.9,1019.7950000000001,1017.8,10.095,15.855
Sale,4.585,16.025,1.06,40.3,13.85,19.45,81.2,60.9,1021.3399999999999,1019.46,9.385,14.485
Sale,3.335,14.294999999999998,0.6599999999999999,37.1,13.8,19.7,86.75,63.45,1012.805,1011.3149999999999,7.31,13.225
Sale,4.035,15.190000000000001,1.1099999999999999,47.3,15.65,23.65,75.95,51.0,1017.865,1016.2700000000001,8.48,14.1
Sale,5.6450000000000005,17.580000000000002,1.43,45.8,18.0,23.9,78.95,53.15,1017.0,1015.0350000000001,11.23,16.305
Sale,6.365,16.905,0.26,45.7,17.85,26.05,82.9,58.85,1020.445,1018.43,11.215,15.915000000000001
Sydney,17.44,25.994999999999997,2.7399999999999998,42.65,13.5,20.85,64.15,58.1,1015.46,1013.085,21.905,23.905
Sydney,17.98,25.4,2.32,43.3,11.45,20.85,64.15,56.2,1019.195,1017.825,21.565,23.3
Sydney,12.809999999999999,21.11,4.67,44.4,16.0,20.55,67.8,55.1,1023.2149999999999,1020.6600000000001,16.48,19.07
Sydney,15.09,23.0,2.21,40.6,13.7,19.7,64.1,53.35,1020.51,1017.885,18.965,21.265
Sydney,17.580000000000002,26.244999999999997,5.4,34.6,11.4,18.4,63.05,50.5,1024.81,1022.3,20.880000000000003,24.86
Sydney,15.725,24.815,8.15,36.65,14.4,17.45,68.95,50.85,1018.4200000000001,1015.8700000000001,18.305,23.369999999999997
Sydney,17.31,25.009999999999998,1.3699999999999999,33.6,13.4,17.25,76.3,59.1,1020.82,1018.3149999999999,19.8,23.73
Sydney,19.925,27.955000000000002,4.74,43.2,11.15,19.1,70.05,57.6,1013.9549999999999,1011.9549999999999,23.169999999999998,26.135
Sydney,21.06,28.380000000000003,0.36,41.0,11.5,23.1,65.35,54.55,1018.0899999999999,1015.985,24.375,27.43
Sydney,18.535,25.44,4.4399999999999995,44.1,15.95,22.9,68.65,55.5,1015.9549999999999,1013.61,21.380000000000003,24.415
Sydney,17.595,23.75,3.2300000000000004,39.65,14.6,20.95,69.4,60.55,1014.5600000000001,1013.025,20.505000000000003,22.285
Sydney,17.78,24.565,5.970000000000001,40.35,14.15,19.65,74.55,58.95,1014.365,1012.675,20.525,23.525
Sydney,18.32,25.345,1.4,37.3,13.8,20.7,70.85,60.1,1016.9100000000001,1015.3,21.22,23.775
Sydney,17.31,24.494999999999997,3.09,43.6,13.95,21.7,70.9,58.25,1016.775,1015.0200000000001,19.89,23.16
Sydney,7.755,17.46,1.1,40.5,18.05,17.25,70.85,47.95,1022.64,1020.7549999999999,10.040000000000001,16.165
Sydney,9.625,19.15,3.3299999999999996,38.95,17.7,16.4,59.45,46.15,1019.915,1017.1049999999999,12.85,17.98
Sydney,16.515,23.925,5.39,45.3,15.4,19.1,72.25,62.05,1017.3299999999999,1015.5649999999999,19.56,22.384999999999998
Sydney,14.059999999999999,21.805,1.3599999999999999,39.7,11.6,18.2,79.45,57.95,1018.1700000000001,1015.5350000000001,16.465,20.175
Sydney,12.17,19.07,10.17,37.6,16.3,16.0,71.65,60.45,1025.165,1023.0200000000001,14.809999999999999,18.215
Sydney,11.4,21.48,0.05,40.8,15.5,19.4,61.65,47.6,1021.9200000000001,1018.865,14.969999999999999,19.535
Sydney,12.64,21.65,3.87,44.45,16.15,18.05,67.45,52.35,1018.72,1016.575,16.105,19.875
Sydney,17.145,24.61,3.6699999999999995,40.8,15.9,20.55,72.0,60.65,1020.135,1017.4200000000001,19.65,23.06
Sydney,12.87,21.880000000000003,0.58,34.6,17.55,16.7,65.4,51.0,1022.9200000000001,1020.425,15.41,20.25
Sydney,10.32,18.375,3.21,46.45,19.65,19.85,72.55,52.7,1021.6299999999999,1019.0049999999999,12.575,17.085
Sydney,10.57,18.765,6.83,47.2,22.5,19.75,70.15,55.3,1020.385,1018.7549999999999,12.925,17.445
Sydney,9.77,18.56,1.46,43.4,17.7,18.7,68.4,50.4,1020.405,1017.93,12.715,17.465
Sydney,9.82,18.03,6.43,38.35,17.05,16.25,69.25,58.35,1021.9050000000001,1019.1850000000001,12.605,16.46
Sydney,11.525,21.665,2.2800000000000002,35.35,16.65,16.75,68.7,48.4,1020.7,1018.115,14.205000000000002,20.085
Sydney,10.67,20.19,4.1,39.9,16.35,18.2,64.4,48.55,1021.825,1018.9399999999999,13.719999999999999,18.665
Sydney,13.115,21.69,2.29,48.55,19.2,22.9,54.1,44.25,1011.825,1009.74,16.69,19.880000000000003
Sydney,11.945,19.725,13.580000000000002,48.35,18.55,18.9,69.0,52.75,1016.4399999999999,1013.26,14.190000000000001,18.555
Sydney,10.235,18.485,4.1,43.15,19.1,16.8,67.25,51.85,1018.4,1015.5,12.275,17.235
Sydney,16.77,25.43,1.4700000000000002,47.55,16.1,20.85,58.4,46.9,1014.835,1012.49,20.16,23.85
Sydney,20.380000000000003,27.685000000000002,11.15,44.75,15.0,21.9,66.2,57.25,1015.4649999999999,1013.4549999999999,23.4,25.99
Sydney,19.68,26.560000000000002,2.5,47.15,16.55,22.1,61.15,52.9,1013.5350000000001,1011.985,22.535,24.695
Sydney,17.22,26.155,0.5599999999999999,41.7,15.15,21.7,51.45,48.4,1013.165,1010.5649999999999,21.634999999999998,24.02
Sydney,17.91,25.655,1.19,48.35,14.65,23.3,61.6,52.0,1015.595,1013.625,21.419999999999998,24.14
Sydney,13.26,23.655,1.0,32.9,16.95,15.5,71.0,49.1,1024.475,1022.1899999999999,15.790000000000001,21.98
Sydney,14.225,22.97,4.33,36.4,15.9,17.5,68.8,51.5,1017.765,1015.025,17.085,21.580000000000002
Sydney,10.86,19.35,0.95,44.2,16.25,21.35,68.85,51.15,1018.6,1015.9950000000001,13.094999999999999,18.14
Sydney,10.615,20.28,2.6100000000000003,34.85,16.55,14.9,73.85,47.0,1021.71,1018.475,12.795,19.240000000000002
Sydney,14.280000000000001,22.845,0.36,45.35,17.5,21.0,64.25,47.2,1018.2,1015.595,16.775,21.645
Sydney,18.565,25.53,4.93,47.0,15.05,21.65,61.55,57.7,1012.43,1010.03,22.115000000000002,23.865000000000002
Sydney,17.25,25.009999999999998,1.8,46.25,12.05,22.9,61.25,54.7,1013.7299999999999,1011.9350000000001,21.275,23.384999999999998
Sydney,19.125,25.6,3.7400000000000007,38.45,9.0,19.3,73.8,61.1,1019.405,1017.095,21.565,24.44
Sydney,19.425,26.360000000000003,0.95,43.8,11.3,24.4,65.75,56.2,1014.6200000000001,1012.485,22.79,25.215
Sydney,17.915,25.009999999999998,7.7299999999999995,40.15,14.05,20.2,70.8,57.7,1016.1899999999999,1014.7299999999999,20.75,23.725
Sydney,20.275,27.314999999999998,2.1,44.2,12.35,24.15,68.8,61.7,1015.725,1013.61,23.525,25.435
Sydney,18.955000000000002,25.45,4.9,41.7,16.35,21.45,75.6,64.4,1017.39,1015.8100000000001,21.615000000000002,23.805
Sydney,17.41,24.705000000000002,16.09,39.1,14.4,18.4,79.75,63.15,1018.1700000000001,1015.7,19.94,23.345
Sydney,17.705000000000002,26.04,0.45,40.1,13.35,22.3,73.1,57.8,1015.7950000000001,1012.7149999999999,20.84,24.235
Sydney,13.459999999999999,23.619999999999997,1.97,42.7,13.0,19.3,59.8,46.1,1021.39,1018.5649999999999,17.72,21.71
Sydney,9.82,18.91,4.79,40.5,17.55,19.4,77.15,58.2,1025.145,1022.475,12.265,17.384999999999998
Sydney,18.355,26.169999999999998,3.62,46.3,11.45,23.15,64.75,58.1,1013.9549999999999,1011.325,22.25,24.02
Sydney,15.95,24.080000000000002,4.05,46.1,13.05,23.1,65.95,54.3,1018.35,1016.015,19.16,22.205000000000002
Sydney,15.015,22.485,3.35,45.2,16.4,22.2,61.8,54.6,1016.885,1015.425,17.905,20.605
Sydney,13.775,24.044999999999998,0.4600000000000001,45.45,15.65,23.0,52.95,42.55,1017.585,1014.915,18.275,21.794999999999998
Sydney,12.455,21.990000000000002,0.64,37.55,14.55,19.4,64.85,52.15,1021.015,1017.5799999999999,16.69,20.305
Sydney,13.02,21.655,2.8299999999999996,42.65,19.85,18.75,67.45,51.15,1020.665,1018.2549999999999,15.99,20.405
Sydney,12.33,20.41,1.8699999999999999,37.65,14.7,15.3,70.3,56.75,1022.32,1019.9549999999999,15.01,18.965
Sydney,10.49,18.775,2.69,42.35,18.95,18.55,68.75,57.05,1020.3100000000001,1018.095,13.080000000000002,17.31
Sydney,12.504999999999999,21.41,4.0200000000000005,35.55,17.3,17.9,72.7,56.45,1021.55,1018.805,15.09,19.985
Sydney,9.905,19.89,3.3600000000000003,37.9,17.5,15.75,65.7,42.15,1019.985,1016.905,12.5,18.865000000000002
Sydney,10.055,18.77,1.9,44.0,18.3,17.95,67.8,52.3,1020.235,1017.325,12.58,16.965
SydneyAirport,9.51,18.41,3.1900000000000004,41.45,17.8,19.35,63.35,51.85,1019.385,1016.775,12.89,17.009999999999998
SydneyAirport,10.845,19.630000000000003,5.35,49.4,20.15,25.2,60.0,53.05,1021.015,1018.57,15.190000000000001,18.145
SydneyAirport,11.915000000000001,21.4,0.47000000000000003,41.3,16.8,21.15,56.95,46.45,1019.475,1016.1049999999999,16.11,20.09
SydneyAirport,14.625,23.14,1.22,38.75,17.95,22.35,63.6,54.25,1022.825,1020.2549999999999,18.905,21.7
SydneyAirport,11.559999999999999,20.115000000000002,7.31,48.4,19.95,24.25,62.0,48.55,1015.865,1013.015,15.080000000000002,18.619999999999997
SydneyAirport,17.105,25.885,2.45,49.9,17.2,27.45,66.15,52.3,1016.5799999999999,1013.775,20.785,23.935
SydneyAirport,20.294999999999998,27.945,0.8400000000000001,49.2,18.7,25.85,70.85,59.2,1012.99,1011.055,22.86,25.814999999999998
SydneyAirport,20.205000000000002,28.15,1.8,49.8,18.2,29.45,66.0,57.7,1013.7549999999999,1011.7,23.585,26.005000000000003
SydneyAirport,13.325,23.54,1.1300000000000001,51.45,20.3,26.95,48.65,41.2,1011.5049999999999,1008.53,18.265,21.15
SydneyAirport,15.55,24.925,1.1300000000000001,50.3,20.65,29.15,54.3,42.95,1014.22,1011.97,19.55,22.91
SydneyAirport,14.23,23.05,3.65,47.25,19.95,25.6,58.4,50.95,1017.57,1014.695,18.1,21.15
SydneyAirport,8.559999999999999,19.634999999999998,0.0,44.9,16.9,23.65,49.4,39.25,1019.235,1016.39,13.6,18.11
SydneyAirport,12.885,21.625,2.12,47.9,19.9,28.4,60.7,53.35,1023.665,1020.655,17.619999999999997,20.044999999999998
SydneyAirport,10.58,20.555,0.27,37.4,17.2,16.95,62.6,43.35,1024.45,1021.3299999999999,13.965,19.535
SydneyAirport,11.07,18.375,4.47,40.75,17.95,21.2,70.55,60.4,1024.335,1022.0049999999999,14.245,17.47
SydneyAirport,10.195,19.395,1.46,37.95,17.7,18.5,63.65,48.4,1025.075,1022.3299999999999,13.290000000000001,17.675
SydneyAirport,20.345,29.5,3.53,54.1,16.3,28.35,68.2,56.05,1013.9200000000001,1011.805,23.95,27.425
SydneyAirport,19.64,27.455000000000002,4.65,44.3,15.4,25.65,71.35,57.0,1018.3700000000001,1015.9799999999999,22.45,25.97
SydneyAirport,19.315,28.7,3.25,49.6,18.4,28.4,65.7,51.0,1017.445,1015.47,23.03,27.0
SydneyAirport,17.055,25.009999999999998,2.41,49.05,17.1,26.45,69.15,57.95,1019.4200000000001,1016.78,20.535,23.035
SydneyAirport,18.23,26.630000000000003,0.71,51.15,17.75,29.65,66.45,52.5,1017.1899999999999,1015.335,21.905,24.59
SydneyAirport,19.134999999999998,27.68,3.65,56.1,21.3,32.25,67.6,54.95,1013.01,1010.65,23.044999999999998,26.35
SydneyAirport,16.705000000000002,25.425,1.42,49.3,18.2,27.55,69.8,55.15,1017.86,1015.45,20.445,23.669999999999998
SydneyAirport,17.015,23.915,7.87,48.85,24.45,26.7,72.75,63.0,1016.99,1015.3799999999999,19.81,22.119999999999997
SydneyAirport,19.25,26.57,3.06,46.35,18.35,25.1,69.75,58.35,1015.25,1013.4649999999999,22.065,25.225
SydneyAirport,20.565,29.22,0.34,50.25,17.75,29.0,66.05,55.35,1015.2700000000001,1013.415,23.965,26.869999999999997
SydneyAirport,16.02,23.085,1.27,45.6,18.65,24.95,72.4,59.55,1020.735,1017.905,18.759999999999998,22.134999999999998
SydneyAirport,8.83,17.35,1.78,41.3,16.2,21.85,66.0,58.0,1024.24,1021.8100000000001,12.615,16.405
SydneyAirport,11.45,18.07,7.970000000000001,46.65,19.3,23.65,72.85,69.65,1016.515,1014.53,14.65,16.875
SydneyAirport,11.129999999999999,20.71,1.86,42.35,17.25,23.55,59.15,49.8,1018.93,1015.96,16.06,19.134999999999998
SydneyAirport,12.33,19.775,1.5799999999999998,47.6,19.1,24.35,68.05,58.1,1020.2549999999999,1017.735,15.605,18.555
SydneyAirport,11.035,19.009999999999998,0.72,50.8,20.9,26.1,58.3,45.2,1017.2450000000001,1015.26,15.15,18.134999999999998
SydneyAirport,11.365,19.41,0.96,41.55,17.75,21.6,65.35,61.6,1024.05,1021.775,15.455000000000002,18.215
SydneyAirport,14.26,21.84,1.7099999999999997,40.2,16.1,21.75,72.85,58.8,1022.165,1019.345,17.225,20.48
SydneyAirport,14.794999999999998,21.21,3.6199999999999997,48.35,19.9,26.15,74.15,68.9,1020.68,1019.3950000000001,17.755000000000003,19.71
SydneyAirport,19.325,27.785000000000004,5.5600000000000005,50.0,17.7,25.75,72.35,61.4,1015.43,1013.11,22.45,25.905
SydneyAirport,14.309999999999999,23.47,2.43,44.7,17.35,24.2,66.9,61.05,1020.2049999999999,1017.68,18.945,21.605
SydneyAirport,12.405,19.875,5.87,51.5,23.7,29.25,70.35,60.1,1019.0799999999999,1016.8799999999999,15.385,18.28
SydneyAirport,9.74,18.095,0.62,47.7,23.0,25.85,62.25,45.95,1020.36,1017.78,13.465,17.19
SydneyAirport,10.584999999999999,18.845,4.54,44.9,21.25,22.15,62.65,56.65,1021.695,1019.68,14.0,17.46
SydneyAirport,12.655,22.025,0.27,49.95,17.9,26.15,56.0,51.25,1019.405,1016.2950000000001,17.765,19.994999999999997
SydneyAirport,9.455,18.64,5.04,41.2,19.75,22.1,71.6,50.35,1023.125,1020.89,12.78,17.725
SydneyAirport,14.425,21.369999999999997,9.28,52.4,22.15,28.35,71.85,61.55,1015.36,1014.03,17.369999999999997,19.744999999999997
SydneyAirport,19.845000000000002,28.04,0.72,50.25,18.85,29.6,63.7,53.35,1015.1299999999999,1013.165,23.485,26.080000000000002
SydneyAirport,18.294999999999998,25.97,4.51,47.4,15.65,25.2,68.9,55.7,1019.2950000000001,1017.1600000000001,20.865000000000002,24.475
SydneyAirport,15.825,26.525,0.78,45.6,16.45,24.85,57.75,44.8,1016.6,1013.89,20.36,23.835
SydneyAirport,15.309999999999999,24.425,1.5299999999999998,50.9,16.45,27.45,60.7,50.6,1016.5799999999999,1013.3100000000001,19.380000000000003,22.54
SydneyAirport,16.37,23.904999999999998,1.19,47.55,16.55,27.35,65.7,55.75,1019.055,1016.525,19.905,22.19
SydneyAirport,9.53,20.125,0.66,40.4,15.55,19.8,60.5,41.9,1022.945,1020.0600000000001,13.875,19.015
SydneyAirport,10.815000000000001,21.84,0.01,45.3,18.25,24.2,46.4,32.95,1019.97,1017.04,15.719999999999999,20.31
SydneyAirport,10.705,20.94,6.659999999999999,45.8,18.75,23.6,57.35,44.95,1017.51,1014.445,14.975,19.305
SydneyAirport,12.584999999999999,21.95,3.4200000000000004,39.85,15.8,21.0,66.35,56.45,1022.5600000000001,1020.11,17.075,20.485
SydneyAirport,10.754999999999999,18.380000000000003,7.7299999999999995,45.35,19.2,23.4,68.55,63.65,1018.5799999999999,1016.4100000000001,13.975,16.805
SydneyAirport,16.95,24.73,3.9899999999999998,41.95,15.0,26.2,74.45,61.0,1018.45,1016.18,20.04,23.155
SydneyAirport,19.365000000000002,26.8,1.41,43.75,17.4,24.2,70.8,57.45,1016.3,1014.115,22.015,25.03
SydneyAirport,18.825,25.665,4.74,49.15,20.1,28.3,73.4,64.15,1016.9100000000001,1014.9549999999999,21.405,23.905
SydneyAirport,16.755000000000003,24.235,6.029999999999999,48.6,19.3,26.85,73.6,63.55,1016.375,1014.35,19.97,22.515
SydneyAirport,17.3,24.935,4.65,49.05,20.4,29.35,62.25,53.05,1015.54,1013.43,20.435,23.565
SydneyAirport,14.395,22.044999999999998,0.8,42.95,17.7,23.75,63.7,51.45,1018.675,1016.25,17.69,20.96
SydneyAirport,9.43,17.175,2.36,50.7,21.55,28.7,65.4,56.75,1022.96,1020.925,12.775,16.215
SydneyAirport,9.86,21.455000000000002,0.33999999999999997,51.3,24.0,30.9,40.45,30.05,1017.01,1014.1,15.51,19.435
SydneyAirport,11.92,20.8,0.45,40.35,18.5,22.55,63.1,51.35,1020.14,1017.25,15.294999999999998,19.27
SydneyAirport,12.01,20.29,3.45,43.65,19.2,23.9,65.05,56.25,1024.09,1021.6,16.05,19.16
SydneyAirport,11.120000000000001,19.244999999999997,6.0200000000000005,45.15,15.9,21.75,66.8,61.6,1020.36,1017.51,14.694999999999999,17.2
Townsville,20.5,29.665,1.1600000000000001,37.15,13.0,24.3,67.05,58.05,1015.5049999999999,1012.29,25.85,28.380000000000003
Townsville,21.97,30.425,1.6600000000000001,38.05,15.2,22.9,68.3,62.2,1013.985,1010.835,26.869999999999997,28.919999999999998
Townsville,17.555,26.535000000000004,1.15,44.55,19.1,25.7,63.25,56.0,1019.6899999999999,1016.5350000000001,22.22,24.815
Townsville,16.315,26.639999999999997,0.6399999999999999,37.05,13.1,21.65,61.75,50.85,1018.03,1014.7149999999999,22.035,25.28
Townsville,16.9,27.905,0.2,38.55,16.4,24.3,51.15,46.55,1017.5450000000001,1013.925,23.655,26.225
Townsville,18.67,29.195,0.11000000000000001,39.05,17.85,26.05,60.0,53.0,1016.695,1013.1299999999999,25.384999999999998,27.175
Townsville,19.86,29.03,0.01,35.25,17.85,23.5,60.15,55.6,1016.675,1012.9950000000001,25.96,27.264999999999997
Townsville,25.265,32.67,11.97,40.9,15.75,24.95,67.55,61.15,1006.2700000000001,1003.5450000000001,29.22,31.155
Townsville,23.285,31.860000000000003,1.5,40.9,20.35,27.8,59.55,54.4,1013.3799999999999,1010.2850000000001,28.580000000000002,30.005000000000003
Townsville,23.02,30.29,9.98,42.35,17.3,23.85,70.3,66.6,1010.1850000000001,1007.5350000000001,27.45,28.79
Townsville,24.544999999999998,32.17,2.66,42.9,18.65,24.9,65.25,59.1,1010.055,1007.1299999999999,28.475,30.244999999999997
Townsville,23.240000000000002,31.07,1.69,40.5,18.7,26.3,64.5,58.2,1012.93,1009.945,27.52,29.595
Townsville,20.0,29.115,0.06000000000000001,39.1,16.05,24.45,60.9,56.8,1015.7950000000001,1012.45,25.36,27.395
Townsville,22.095,30.04,5.05,38.45,16.1,23.6,71.9,62.8,1013.9549999999999,1010.7049999999999,26.585,28.75
Townsville,21.119999999999997,29.73,0.45999999999999996,37.5,17.95,24.45,59.9,53.1,1016.6299999999999,1012.9399999999999,26.619999999999997,28.145
Townsville,16.875,27.99,0.01,38.55,14.85,26.5,63.25,52.4,1019.425,1015.65,23.744999999999997,26.32
Townsville,22.855,31.175,0.9099999999999999,41.45,19.3,26.9,61.4,57.25,1012.57,1009.425,28.26,29.525
Townsville,23.14,31.0,5.08,42.8,20.4,27.45,59.85,56.5,1014.4100000000001,1011.3399999999999,28.160000000000004,29.15
Townsville,17.68,28.264999999999997,1.1099999999999999,38.7,16.05,27.7,56.95,53.3,1016.155,1012.54,24.32,26.339999999999996
Townsville,14.625,26.205000000000002,0.0,39.25,14.9,27.55,58.05,54.65,1020.325,1017.0,21.805,24.085
Townsville,13.715,25.97,0.05,38.85,13.5,25.15,55.3,48.3,1019.8100000000001,1016.2549999999999,21.095,24.21
Townsville,22.865000000000002,30.115,0.43,43.0,22.2,30.85,58.55,57.6,1015.1899999999999,1012.135,27.560000000000002,28.32
Townsville,16.89,28.630000000000003,0.02,40.85,17.15,26.5,52.7,47.05,1018.555,1014.2450000000001,24.525,26.575
Townsville,22.61,30.264999999999997,5.779999999999999,41.5,14.9,25.85,66.95,63.9,1012.6850000000001,1009.8149999999999,27.314999999999998,28.75
Townsville,24.755000000000003,30.975,13.37,43.8,16.35,24.35,76.65,72.7,1008.5200000000001,1005.7450000000001,28.4,29.439999999999998
Townsville,20.975,29.635,2.67,41.3,17.2,24.8,61.25,55.95,1014.22,1011.2549999999999,25.77,28.3
Townsville,16.25,26.544999999999998,5.37,36.4,16.15,21.5,61.5,50.4,1016.445,1012.8700000000001,22.03,25.455000000000002
Townsville,21.14,28.5,3.96,34.75,11.95,20.1,72.8,65.2,1013.74,1010.72,25.015,26.895
Townsville,14.715,24.94,0.86,37.1,15.9,19.45,59.7,50.05,1017.6899999999999,1014.3799999999999,20.095,23.645
Townsville,18.695,29.325,0.82,35.0,12.35,21.95,62.25,54.4,1016.0649999999999,1012.7450000000001,25.075,27.860000000000003
Townsville,13.855,25.155,0.12,34.25,11.3,22.7,62.05,49.9,1020.0350000000001,1016.595,20.47,23.77
Townsville,15.620000000000001,24.955000000000002,0.09,37.55,14.8,21.1,61.55,53.2,1019.085,1015.65,20.455000000000002,23.655
Townsville,19.735,28.165,0.2,37.5,14.85,22.45,58.95,55.45,1016.5799999999999,1013.335,24.485,26.85
Townsville,25.145,31.535000000000004,2.9899999999999998,37.4,16.75,22.4,72.0,65.85,1009.7700000000001,1006.915,28.445,29.839999999999996
Townsville,24.259999999999998,31.089999999999996,4.609999999999999,41.8,19.1,25.95,71.05,66.0,1009.36,1006.415,27.994999999999997,29.415
Townsville,23.009999999999998,29.805,16.12,39.05,15.15,20.25,74.85,66.7,1011.525,1008.2299999999999,26.425,28.514999999999997
Townsville,24.61,31.244999999999997,11.959999999999999,39.0,12.45,22.15,73.95,67.4,1009.5450000000001,1006.925,28.55,30.05
Townsville,19.265,27.705000000000002,7.25,38.35,12.15,21.75,69.6,60.3,1016.9399999999999,1013.7950000000001,24.02,26.695
Townsville,19.325,28.885,0.02,36.7,14.6,23.6,60.95,54.3,1017.8950000000001,1014.6,24.775,27.55
Townsville,18.96,29.26,0.01,32.05,10.3,20.05,64.05,55.7,1015.975,1012.7450000000001,25.32,27.895
Townsville,23.27,31.07,6.68,40.4,14.5,23.7,69.45,62.95,1013.195,1009.835,27.78,30.089999999999996
Townsville,21.855,31.110000000000003,0.99,41.95,16.45,28.5,60.6,54.2,1014.11,1010.78,27.439999999999998,29.830000000000002
Townsville,25.395,32.364999999999995,1.9899999999999998,38.85,17.95,27.6,60.75,55.9,1012.165,1008.9799999999999,29.625,31.035000000000004
Townsville,25.085,32.1,0.97,39.65,20.25,28.2,61.1,55.2,1014.175,1011.0450000000001,29.03,30.385
Townsville,23.725,31.46,1.78,37.6,15.9,25.35,66.05,59.7,1015.1049999999999,1012.175,28.15,29.925
Townsville,24.85,31.905,3.5700000000000003,38.0,12.35,22.4,68.55,64.35,1011.2049999999999,1007.875,28.935000000000002,30.43
Townsville,22.11,30.15,9.14,41.35,15.9,24.4,71.8,66.6,1014.9100000000001,1011.7450000000001,26.089999999999996,27.885
Townsville,17.11,27.025,0.8,35.7,13.65,23.95,58.85,52.35,1018.53,1014.9399999999999,22.525,25.660000000000004
Townsville,19.265,27.655,0.7100000000000001,40.05,18.15,26.95,65.95,61.9,1019.54,1016.365,24.09,25.805
Townsville,20.065,29.25,0.02,35.8,14.0,22.5,60.5,56.25,1017.11,1013.8100000000001,25.09,27.665
Townsville,16.380000000000003,26.57,0.68,34.9,14.7,19.65,62.15,51.0,1018.45,1015.01,21.21,25.21
Townsville,23.475,31.47,4.08,41.5,15.15,25.95,67.4,60.9,1011.7549999999999,1008.5,28.055,29.619999999999997
Townsville,25.225,32.745,5.08,40.85,20.55,24.25,66.95,61.7,1010.945,1008.22,29.419999999999998,30.925
Townsville,24.115000000000002,31.044999999999998,4.3100000000000005,38.25,16.5,25.8,65.5,60.75,1013.7049999999999,1010.85,28.130000000000003,29.410000000000004
Townsville,21.705000000000002,30.975,0.1,39.35,15.75,26.5,55.25,50.3,1015.24,1011.635,27.48,29.160000000000004
Townsville,22.04,31.945,0.53,42.0,18.05,28.7,53.8,51.65,1013.9100000000001,1010.405,28.615,29.814999999999998
Townsville,24.330000000000002,31.895,0.26,39.4,19.35,27.0,60.7,53.5,1013.985,1010.7700000000001,28.810000000000002,30.21
Townsville,21.244999999999997,30.160000000000004,0.9199999999999999,39.0,21.0,24.9,56.45,53.05,1016.6700000000001,1013.135,26.75,28.21
Townsville,24.15,32.62,2.54,44.4,17.85,27.7,60.05,55.4,1011.765,1008.4100000000001,28.830000000000002,30.935000000000002
Townsville,24.495,32.695,2.45,37.55,15.8,22.6,64.35,59.9,1009.9399999999999,1007.01,29.105,30.885
Townsville,19.97,29.439999999999998,4.82,39.55,13.0,22.4,64.45,55.55,1014.385,1011.0600000000001,25.255,27.669999999999998
Townsville,14.035,26.02,0.0,34.75,11.4,21.05,61.65,52.65,1019.96,1016.5350000000001,20.975,24.44
Townsville,17.98,26.185000000000002,2.9,38.75,14.65,22.95,68.85,61.95,1017.1600000000001,1013.99,22.305,24.69
Townsville,18.255000000000003,28.225,0.02,35.4,14.1,25.9,59.5,52.05,1018.24,1014.555,24.985,26.639999999999997
Tuggeranong,1.86,12.61,2.5,34.0,11.0,15.1,82.4,56.55,1021.2149999999999,1018.89,6.8549999999999995,11.415000000000001
Tuggeranong,2.915,17.025,0.21000000000000002,33.25,7.55,14.35,78.05,49.95,1019.8699999999999,1017.325,8.515,15.51
Tuggeranong,5.3149999999999995,17.645,2.45,32.0,9.7,14.15,79.2,54.25,1019.96,1017.7700000000001,10.945,16.505000000000003
Tuggeranong,4.705,21.875,0.0,38.35,8.9,18.45,63.5,35.6,1019.2149999999999,1016.135,12.379999999999999,20.490000000000002
Tuggeranong,6.595000000000001,20.825,1.6700000000000004,38.55,8.95,17.15,68.95,44.9,1017.07,1013.825,12.805000000000001,19.27
Tuggeranong,1.53,17.119999999999997,0.85,40.0,9.95,17.9,69.85,42.6,1018.96,1015.775,8.805,16.185
Tuggeranong,7.6049999999999995,22.119999999999997,1.02,36.9,9.35,16.3,66.75,44.1,1015.6,1012.8700000000001,14.444999999999999,20.865000000000002
Tuggeranong,11.18,23.630000000000003,8.08,39.7,7.6,14.4,72.75,48.7,1016.625,1014.14,16.3,22.080000000000002
Tuggeranong,4.825,20.005000000000003,2.38,39.95,11.65,18.3,65.15,42.2,1017.5799999999999,1014.425,12.015,18.544999999999998
Tuggeranong,8.49,22.605,0.24000000000000005,36.8,9.2,16.05,64.1,41.3,1017.9649999999999,1014.6299999999999,14.495,21.330000000000002
Tuggeranong,13.069999999999999,23.7,7.7,33.3,8.4,12.15,78.0,58.15,1016.2850000000001,1013.9549999999999,16.3,22.285
Tuggeranong,12.68,24.27,8.440000000000001,32.85,8.0,13.9,75.45,55.35,1014.53,1011.7700000000001,16.354999999999997,22.28
Tuggeranong,11.93,26.544999999999998,0.24,35.35,9.95,15.85,62.2,41.5,1015.3299999999999,1012.595,17.66,24.585
Tuggeranong,8.655,23.66,2.05,38.55,10.5,16.5,62.4,38.95,1013.6899999999999,1010.905,14.85,22.119999999999997
Tuggeranong,9.595,24.705000000000002,4.66,42.2,12.05,17.8,56.7,35.9,1012.6600000000001,1009.7850000000001,16.244999999999997,23.21
Tuggeranong,4.09,20.544999999999998,0.32,47.6,13.7,22.2,52.8,35.7,1013.9399999999999,1011.975,12.930000000000001,18.675
Tuggeranong,12.385,22.04,4.5200000000000005,40.05,12.55,17.15,68.75,50.05,1014.1700000000001,1012.585,16.265,20.965
Tuggeranong,5.819999999999999,18.655,0.30999999999999994,29.2,9.15,11.8,72.65,49.55,1020.55,1017.585,10.870000000000001,17.555
Tuggeranong,13.465,30.735000000000003,0.72,38.4,7.6,14.0,58.55,29.05,1017.4950000000001,1013.7850000000001,19.005000000000003,29.145
Tuggeranong,10.370000000000001,23.875,5.14,34.55,8.4,14.3,68.5,41.8,1018.0450000000001,1015.6049999999999,15.809999999999999,22.509999999999998
Tuggeranong,5.4399999999999995,21.16,0.42000000000000004,35.0,9.2,15.55,67.95,39.05,1020.47,1017.5350000000001,12.434999999999999,19.64
Tuggeranong,13.584999999999999,31.115,0.41,42.35,9.05,16.5,59.3,27.6,1012.7299999999999,1009.5899999999999,18.905,29.410000000000004
Tuggeranong,9.495000000000001,22.655,0.8400000000000001,33.05,8.55,13.0,71.9,42.8,1020.8,1017.7950000000001,14.015,21.705000000000002
Tuggeranong,2.935,13.52,0.9099999999999999,40.4,11.25,18.2,75.2,50.9,1016.8,1014.53,7.365,12.385
Tuggeranong,3.215,15.365,2.13,34.05,8.35,15.3,81.7,57.2,1021.125,1018.345,8.870000000000001,14.294999999999998
Tuggeranong,0.945,12.49,1.1400000000000001,29.4,8.6,12.7,85.8,59.5,1021.6049999999999,1019.165,5.665,11.43
Tuggeranong,5.01,17.02,2.18,47.9,14.15,19.4,70.3,50.3,1014.0799999999999,1010.9950000000001,10.695,15.459999999999999
Tuggeranong,6.24,19.69,0.71,36.75,8.7,16.45,72.5,43.55,1020.2549999999999,1017.7049999999999,11.875,18.365000000000002
Tuggeranong,1.8050000000000002,14.85,1.05,38.9,10.5,16.75,71.15,52.25,1016.8299999999999,1013.365,7.640000000000001,13.62
Tuggeranong,13.86,28.915,0.31,43.75,7.55,17.95,62.95,33.2,1017.1700000000001,1013.765,19.45,27.54
Tuggeranong,15.725,28.735000000000003,4.55,41.65,10.7,20.1,60.6,40.95,1012.39,1010.235,20.5,26.255000000000003
Tuggeranong,11.345,28.675,0.11000000000000001,42.55,10.6,16.85,53.5,28.3,1014.53,1011.2450000000001,18.630000000000003,27.119999999999997
Tuggeranong,13.05,29.494999999999997,1.4,44.85,10.65,17.9,59.15,31.85,1014.4549999999999,1010.79,19.125,27.365
Tuggeranong,14.330000000000002,27.76,0.08,40.2,11.65,16.2,62.1,37.15,1016.05,1013.225,18.35,25.985000000000003
Tuggeranong,12.265,25.919999999999998,2.85,42.2,11.5,19.6,58.3,36.05,1010.305,1007.8299999999999,17.42,24.02
Tuggeranong,11.14,25.215,1.9600000000000002,38.95,9.85,17.8,60.85,37.35,1013.0049999999999,1010.11,16.175,23.729999999999997
Tuggeranong,3.79,12.765,0.32,32.85,11.65,16.15,79.7,61.3,1020.625,1018.6600000000001,7.595000000000001,11.705
Tuggeranong,7.575,19.27,1.6199999999999999,34.25,10.5,13.65,74.0,46.35,1018.47,1015.635,11.114999999999998,17.919999999999998
Tuggeranong,8.33,19.29,3.1,34.95,11.9,15.3,68.75,42.95,1020.07,1017.3299999999999,12.459999999999999,18.335
Tuggeranong,14.15,24.605,2.2800000000000002,31.65,7.8,13.6,73.8,53.7,1016.65,1014.54,17.405,22.97
Tuggeranong,11.525,21.85,1.04,35.9,8.6,14.9,76.45,54.5,1015.45,1013.1200000000001,15.27,20.654999999999998
Tuggeranong,15.434999999999999,27.635,2.27,33.0,7.3,14.65,72.15,50.6,1011.925,1009.45,19.815,26.115
Tuggeranong,4.7700000000000005,18.105,4.359999999999999,33.15,8.15,12.65,79.0,47.8,1021.8799999999999,1019.28,9.195,17.15
Tuggeranong,2.48,16.52,0.32,33.4,9.35,14.25,73.6,47.6,1024.075,1021.5350000000001,8.815000000000001,15.315000000000001
Tuggeranong,2.085,13.419999999999998,1.47,34.35,11.8,14.4,77.1,54.2,1020.945,1019.26,7.265000000000001,12.2
Tuggeranong,1.29,14.325,3.0699999999999994,36.2,9.8,16.1,79.8,54.0,1018.725,1015.93,6.764999999999999,12.53
Tuggeranong,1.5150000000000001,12.595,2.4099999999999997,36.1,8.3,13.75,79.3,54.6,1020.5799999999999,1018.85,6.7299999999999995,11.465
Tuggeranong,9.15,18.82,2.3,33.9,12.25,14.3,74.2,54.6,1020.07,1017.725,12.495000000000001,17.580000000000002
Tuggeranong,5.76,18.61,3.3599999999999994,28.9,9.05,13.7,73.45,50.15,1020.9100000000001,1018.2549999999999,11.635000000000002,17.59
Tuggeranong,9.995000000000001,22.055,4.7700000000000005,34.45,9.8,15.85,72.7,53.5,1017.5899999999999,1014.945,15.625,20.68
Tuggeranong,8.125,20.455000000000002,5.95,38.6,10.05,18.2,69.0,48.2,1014.275,1011.28,13.665000000000001,19.215
Tuggeranong,6.09,18.16,6.06,37.3,9.5,18.0,71.8,52.15,1019.9549999999999,1016.89,11.925,16.884999999999998
Tuggeranong,6.04,14.145,2.7600000000000002,39.05,11.15,14.8,75.9,63.15,1013.5649999999999,1011.46,9.92,12.85
Tuggeranong,6.7,19.044999999999998,1.5399999999999998,34.5,9.15,14.1,75.85,48.05,1020.96,1018.0049999999999,12.385000000000002,18.169999999999998
Tuggeranong,3.9299999999999997,15.605,2.9200000000000004,31.5,6.95,13.75,79.9,54.35,1019.615,1016.71,9.045,14.680000000000001
Tuggeranong,4.83,13.475,2.4,39.75,12.75,16.0,78.55,57.9,1018.55,1016.7299999999999,8.425,12.425
Tuggeranong,12.65,26.985000000000003,1.4300000000000002,37.7,9.75,14.05,59.7,39.6,1017.7700000000001,1015.155,18.39,25.185
Tuggeranong,12.42,30.185000000000002,1.4000000000000001,37.55,7.3,13.95,58.9,30.1,1016.78,1013.0899999999999,20.05,28.560000000000002
Tuggeranong,14.309999999999999,24.925,2.6599999999999997,34.5,8.45,11.45,76.0,51.35,1015.765,1013.46,17.085,23.16
Tuggeranong,13.225,26.839999999999996,1.31,36.5,8.65,15.45,67.25,41.4,1014.475,1011.79,18.25,25.345
Tuggeranong,15.165000000000001,29.294999999999998,2.87,38.4,8.85,15.4,69.65,45.85,1017.655,1015.0200000000001,19.85,27.410000000000004
Tuggeranong,6.745,22.31,0.4,34.75,8.25,13.0,69.15,42.0,1018.765,1016.5350000000001,13.015,20.455
Tuggeranong,4.779999999999999,17.435,1.6300000000000001,31.95,6.5,13.45,77.3,52.2,1022.39,1019.75,10.57,16.52
Tuggeranong,8.885,22.55,2.66,39.2,9.7,16.3,66.1,42.95,1012.585,1010.1450000000001,14.595000000000002,21.07
WaggaWagga,10.045,26.695,1.26,39.6,14.2,18.4,63.25,29.6,1019.3149999999999,1016.3950000000001,16.95,25.45
WaggaWagga,5.795,21.294999999999998,1.3900000000000001,37.4,12.6,16.7,66.9,40.15,1021.22,1018.21,13.23,20.23
WaggaWagga,7.49,20.7,6.55,38.35,15.85,20.05,68.15,44.75,1014.49,1012.1049999999999,13.965,19.28
WaggaWagga,14.779999999999998,29.57,4.05,46.4,20.05,21.05,56.6,31.15,1011.65,1009.07,20.65,27.74
WaggaWagga,13.605,27.785000000000004,0.55,40.2,15.3,13.75,58.1,33.0,1015.0450000000001,1012.075,18.965,26.369999999999997
WaggaWagga,14.690000000000001,29.01,2.83,37.8,15.2,13.3,60.1,38.95,1014.9799999999999,1011.9100000000001,20.585,27.32
WaggaWagga,9.615,21.115000000000002,1.98,36.6,10.6,14.25,80.0,51.05,1015.2299999999999,1013.0450000000001,13.865,19.905
WaggaWagga,12.129999999999999,22.975,3.9200000000000004,36.65,12.95,14.25,76.4,56.8,1018.8100000000001,1016.445,15.525,21.07
WaggaWagga,13.194999999999999,26.35,2.15,37.3,13.45,15.7,69.75,44.0,1016.7299999999999,1014.5049999999999,17.705000000000002,25.05
WaggaWagga,3.7350000000000003,15.319999999999999,1.67,27.2,10.7,13.9,83.9,55.25,1022.115,1019.765,7.890000000000001,14.41
WaggaWagga,2.16,14.34,1.8699999999999999,28.55,10.65,13.6,84.05,56.75,1023.3149999999999,1020.945,7.045,13.530000000000001
WaggaWagga,5.25,14.6,4.33,38.05,13.5,17.45,84.7,61.1,1021.375,1019.595,8.45,13.844999999999999
WaggaWagga,14.315000000000001,31.48,1.48,45.9,18.05,20.25,48.0,22.9,1014.825,1011.6,21.43,29.375
WaggaWagga,11.989999999999998,27.889999999999997,1.2,43.45,15.75,22.1,50.5,25.7,1013.54,1011.055,18.845,26.105
WaggaWagga,9.42,24.275,2.5,41.4,14.8,19.7,57.75,34.0,1015.9350000000001,1013.375,15.735,22.9
WaggaWagga,8.934999999999999,23.89,0.29,31.2,12.2,14.3,66.05,34.05,1022.0049999999999,1018.99,14.775,22.64
WaggaWagga,11.425,24.44,2.16,37.35,14.8,17.4,65.8,40.05,1018.1600000000001,1015.3149999999999,15.934999999999999,22.9
WaggaWagga,14.944999999999999,28.275,3.53,37.05,15.0,16.55,62.6,37.45,1018.0899999999999,1015.4549999999999,18.85,26.6
WaggaWagga,3.44,18.2,0.68,27.05,10.5,12.9,82.4,46.8,1022.4,1019.405,8.99,17.18
WaggaWagga,8.254999999999999,20.515,5.45,30.15,10.4,13.95,82.0,52.0,1019.6200000000001,1017.61,12.54,19.555
WaggaWagga,8.45,23.055,0.38,28.3,10.5,12.55,73.3,42.05,1022.135,1019.2049999999999,14.265,22.19
WaggaWagga,2.245,15.475,1.4700000000000002,34.35,12.25,18.5,76.75,47.55,1020.945,1017.5899999999999,7.37,14.705000000000002
WaggaWagga,4.0600000000000005,15.895,0.53,36.6,14.05,18.55,77.95,52.3,1019.2049999999999,1016.655,9.684999999999999,14.91
WaggaWagga,2.6849999999999996,14.809999999999999,1.56,28.05,11.6,13.6,83.3,56.2,1025.2350000000001,1021.8950000000001,7.135,14.065000000000001
WaggaWagga,6.0649999999999995,20.78,1.5699999999999998,42.05,12.05,17.55,70.75,40.65,1018.3950000000001,1015.515,11.785,19.195
WaggaWagga,8.33,23.25,1.34,40.55,12.25,16.05,64.3,38.6,1017.1200000000001,1013.8149999999999,14.635,22.134999999999998
WaggaWagga,4.62,19.4,1.1300000000000001,39.55,12.2,17.75,71.85,39.7,1015.6299999999999,1012.525,11.36,18.47
WaggaWagga,16.794999999999998,32.714999999999996,2.96,44.5,15.7,15.35,51.5,26.65,1015.5649999999999,1012.2049999999999,22.975,30.755000000000003
WaggaWagga,16.294999999999998,33.739999999999995,0.06,46.2,15.3,22.0,41.95,16.75,1015.6850000000001,1012.485,23.415,31.945
WaggaWagga,14.15,30.79,1.51,46.15,13.0,20.05,45.45,25.4,1012.68,1010.335,21.435,28.675
WaggaWagga,11.1,25.79,0.7,34.95,10.1,14.15,60.85,36.25,1019.085,1016.29,16.2,24.31
WaggaWagga,14.169999999999998,28.47,1.45,41.75,14.15,14.05,51.25,33.8,1015.2149999999999,1011.945,20.125,26.455000000000002
WaggaWagga,16.125,30.75,0.86,44.1,14.6,17.4,47.4,22.3,1014.8149999999999,1011.975,20.575,29.014999999999997
WaggaWagga,3.7350000000000003,14.725,0.68,33.35,8.95,16.15,81.4,59.4,1020.7299999999999,1018.1299999999999,7.965000000000001,13.819999999999999
WaggaWagga,5.68,16.435,0.9400000000000001,32.4,10.85,14.85,75.7,54.15,1020.485,1018.4649999999999,10.055,15.315000000000001
WaggaWagga,5.515,15.475,1.15,30.8,10.15,13.0,81.05,60.4,1022.82,1020.2,9.120000000000001,14.9
WaggaWagga,8.575,22.61,0.0,37.3,13.05,16.5,69.75,44.1,1021.2850000000001,1018.28,14.8,21.64
WaggaWagga,6.415000000000001,17.11,7.65,37.3,14.7,17.35,76.65,55.9,1020.7850000000001,1018.5450000000001,10.915000000000001,15.959999999999999
WaggaWagga,5.085,14.469999999999999,3.8200000000000003,37.9,12.95,20.2,83.65,65.3,1016.8700000000001,1014.46,9.365,12.790000000000001
WaggaWagga,13.255,26.619999999999997,3.69,41.15,12.4,17.25,65.05,35.5,1012.93,1010.445,18.54,25.325
WaggaWagga,15.49,29.695,0.42000000000000004,43.9,14.25,16.1,61.0,38.7,1012.9100000000001,1010.4200000000001,21.485,28.28
WaggaWagga,12.395,25.055,1.9799999999999998,36.8,13.9,15.4,65.25,43.25,1018.26,1015.615,18.23,23.75
WaggaWagga,12.775,25.880000000000003,0.71,28.45,8.6,12.1,76.5,44.5,1022.6,1019.985,16.93,24.759999999999998
WaggaWagga,13.755,25.355,1.04,35.8,15.1,12.9,67.45,47.75,1019.15,1016.68,18.065,23.915
WaggaWagga,17.315,28.4,6.3100000000000005,38.7,13.0,13.8,68.65,48.1,1015.54,1013.05,20.81,26.85
WaggaWagga,6.465000000000001,16.91,7.32,29.2,10.1,12.0,79.45,59.6,1024.16,1021.7,10.58,15.705000000000002
WaggaWagga,3.65,15.63,1.75,26.45,8.65,10.9,85.35,58.9,1024.8,1022.075,7.995,14.819999999999999
WaggaWagga,5.39,17.55,0.9199999999999999,27.3,9.6,12.65,78.65,51.35,1019.485,1016.9649999999999,10.184999999999999,16.845
WaggaWagga,14.655000000000001,27.35,4.66,39.85,13.95,15.75,65.35,44.0,1016.725,1013.35,19.775,25.655
WaggaWagga,15.49,30.865,0.97,45.8,15.6,18.95,55.0,26.45,1011.1700000000001,1008.28,21.365000000000002,29.075
WaggaWagga,17.44,30.475,1.52,45.0,17.9,16.95,58.3,35.15,1013.695,1010.905,21.44,28.755000000000003
WaggaWagga,8.315000000000001,24.91,1.4599999999999997,36.5,13.25,17.25,64.4,30.25,1018.2149999999999,1015.125,15.594999999999999,23.875
WaggaWagga,7.334999999999999,21.165,2.06,39.05,14.2,16.75,66.1,41.95,1019.1049999999999,1016.415,14.180000000000001,19.990000000000002
WaggaWagga,11.41,30.775,1.1400000000000001,44.75,14.35,20.95,46.35,16.6,1014.595,1011.39,19.990000000000002,29.165
WaggaWagga,6.195,18.19,0.99,30.75,14.0,14.7,76.15,52.65,1021.2,1018.7,10.55,17.07
WaggaWagga,4.825,14.09,4.79,29.65,10.6,11.85,84.05,62.65,1023.9350000000001,1021.7950000000001,8.055,13.015
WaggaWagga,3.405,13.51,1.54,27.85,10.45,14.2,84.35,60.5,1024.815,1022.415,7.375,12.595
WaggaWagga,8.295,20.82,2.79,31.55,11.8,14.1,66.1,42.95,1021.585,1019.555,13.084999999999999,19.81
WaggaWagga,11.41,26.76,0.53,36.85,11.95,17.9,62.9,34.55,1017.5350000000001,1014.71,16.98,25.43
WaggaWagga,6.404999999999999,18.61,0.65,38.5,12.75,21.0,72.05,43.8,1022.2,1019.635,11.629999999999999,17.57
WaggaWagga,11.865,26.580000000000002,0.8800000000000001,46.25,15.6,19.55,51.8,30.2,1014.365,1011.47,18.119999999999997,25.244999999999997
WaggaWagga,15.13,30.714999999999996,1.08,42.9,16.05,20.7,52.9,24.35,1013.875,1011.2700000000001,21.130000000000003,28.93
WaggaWagga,19.215,34.39,1.75,42.4,17.25,15.15,48.25,25.1,1012.9399999999999,1009.625,24.235,32.95
WaggaWagga,10.395,28.005000000000003,0.41,42.35,14.4,18.0,53.5,26.8,1014.54,1011.1200000000001,17.735,26.419999999999998
Walpole,11.14,17.580000000000002,4.5600000000000005,45.25,16.7,16.1,79.25,71.8,1018.8700000000001,1017.625,13.63,15.959999999999999
Walpole,11.620000000000001,18.080000000000002,3.31,46.35,16.3,18.85,87.2,73.35,1018.21,1016.93,13.794999999999998,16.365000000000002
Walpole,9.870000000000001,16.169999999999998,7.17,48.0,15.1,18.4,83.2,71.2,1016.6,1015.1,12.28,14.785
Walpole,13.85,24.775,1.7099999999999997,39.25,13.85,19.45,67.9,55.95,1018.675,1016.6899999999999,19.22,22.490000000000002
Walpole,14.084999999999999,21.919999999999998,2.3600000000000003,42.85,16.65,19.75,70.3,61.5,1016.6,1015.305,17.855,20.134999999999998
Walpole,13.025,22.134999999999998,0.82,34.6,11.7,16.15,82.4,62.4,1017.925,1015.9100000000001,16.395,20.365000000000002
Walpole,12.965,21.72,1.3,39.6,14.75,19.1,67.85,60.8,1018.2299999999999,1017.4350000000001,18.335,20.080000000000002
Walpole,12.66,21.905,0.6399999999999999,39.0,15.6,19.1,67.0,66.1,1015.4549999999999,1014.0450000000001,18.2,19.259999999999998
Walpole,15.4,26.080000000000002,0.49000000000000005,40.35,15.9,20.65,62.95,58.65,1017.4100000000001,1015.68,21.16,23.369999999999997
Walpole,13.3,23.095,2.07,41.5,14.95,18.0,67.9,59.9,1016.555,1015.0,18.240000000000002,21.175
Walpole,10.555,18.11,4.319999999999999,44.9,16.55,18.0,78.3,69.6,1015.2850000000001,1013.515,13.844999999999999,16.23
Walpole,11.32,19.9,2.94,44.05,14.85,20.2,75.4,66.85,1016.0049999999999,1014.6,16.165,17.990000000000002
Walpole,12.844999999999999,21.21,2.71,39.95,15.25,17.9,74.7,67.8,1017.61,1015.8399999999999,17.09,19.195
Walpole,14.74,23.04,1.19,37.25,14.0,15.65,74.15,68.95,1017.26,1015.6049999999999,18.61,21.0
Walpole,11.965,19.455000000000002,3.78,43.6,13.9,17.75,81.4,67.65,1017.72,1015.45,15.235,17.880000000000003
Walpole,12.059999999999999,19.36,5.9799999999999995,40.85,13.85,15.55,85.3,71.7,1015.9399999999999,1014.46,14.84,17.89
Walpole,10.24,19.735,2.1900000000000004,38.25,16.55,17.7,71.3,70.8,1018.14,1016.4,15.715,17.265
Walpole,12.370000000000001,20.384999999999998,2.04,41.6,15.45,17.15,72.75,64.6,1016.8399999999999,1015.8299999999999,16.325,18.575
Walpole,13.74,24.35,1.21,41.15,15.0,18.0,67.9,62.7,1013.1299999999999,1011.275,19.925,22.205
Walpole,12.3,21.009999999999998,1.9,41.5,16.4,18.15,70.1,62.1,1014.515,1013.0049999999999,16.990000000000002,18.705000000000002
Walpole,13.419999999999998,22.715,0.8800000000000001,42.75,18.3,22.35,68.6,65.4,1017.4,1015.6200000000001,18.509999999999998,20.565
Walpole,12.834999999999999,25.115000000000002,0.74,43.5,13.75,19.25,64.45,56.75,1013.8299999999999,1012.65,20.615000000000002,22.490000000000002
Walpole,11.52,20.2,2.44,42.65,17.6,19.3,78.85,71.15,1015.9100000000001,1014.1450000000001,16.05,17.905
Walpole,10.145,16.66,11.09,50.5,17.1,23.25,83.45,74.45,1013.8299999999999,1013.0350000000001,12.88,15.169999999999998
Walpole,10.815000000000001,18.86,2.7,47.45,19.9,22.6,75.6,67.4,1018.53,1017.265,15.125,16.975
Walpole,10.095,18.89,4.4799999999999995,51.45,19.1,20.65,77.7,69.9,1013.025,1012.0899999999999,15.35,16.990000000000002
Walpole,8.985,16.435,4.79,48.65,18.95,19.25,76.75,71.75,1017.8799999999999,1017.115,12.74,14.319999999999999
Walpole,11.465,20.78,2.61,38.6,15.7,16.2,68.1,67.75,1017.14,1015.8950000000001,16.815,18.56
Walpole,9.985,20.354999999999997,1.9600000000000002,37.3,12.7,16.35,69.15,66.15,1017.2850000000001,1015.25,16.055,18.235
Walpole,9.045,16.005000000000003,4.220000000000001,44.5,14.7,15.95,79.7,72.8,1016.635,1014.835,11.55,14.565000000000001
Walpole,9.440000000000001,15.63,7.45,47.95,15.95,16.2,86.9,72.35,1013.68,1012.625,11.73,14.044999999999998
Walpole,8.6,15.865,7.67,53.7,16.0,19.7,80.75,75.25,1014.925,1012.6600000000001,11.375,13.785
Walpole,12.355,19.98,1.2,31.45,10.7,13.25,86.9,69.65,1021.5649999999999,1019.765,16.02,18.425
Walpole,12.195,19.68,3.2299999999999995,37.45,12.3,15.8,81.95,70.6,1020.6850000000001,1019.2049999999999,15.194999999999999,18.16
Walpole,10.97,18.85,5.7,39.5,13.05,13.15,84.8,67.7,1019.78,1017.875,13.965,17.35
Walpole,11.89,23.185,0.12,35.95,12.15,16.2,68.55,58.75,1015.555,1013.64,18.215,21.29
Walpole,13.15,22.775,2.42,44.7,14.7,19.4,73.3,70.2,1010.585,1009.6600000000001,18.57,19.985
Walpole,14.805000000000001,24.91,1.7899999999999998,37.6,14.1,17.85,73.05,63.5,1018.1049999999999,1016.1,19.215,22.544999999999998
Walpole,10.959999999999999,18.025,4.66,39.75,13.35,15.8,82.9,69.5,1018.015,1016.3149999999999,14.030000000000001,16.630000000000003
Walpole,9.53,15.95,7.75,42.25,16.15,16.25,82.85,75.55,1021.2,1020.0,12.2,14.25
Walpole,10.47,20.21,1.81,43.3,17.6,16.95,71.55,58.6,1023.03,1020.595,15.169999999999998,18.77
Walpole,10.265,18.475,4.220000000000001,38.8,15.75,14.2,72.55,61.7,1021.86,1020.45,13.855,16.975
Walpole,13.815000000000001,22.04,1.45,38.25,14.75,17.55,77.85,62.9,1019.3100000000001,1017.2549999999999,17.279999999999998,20.53
Walpole,12.53,19.6,4.540000000000001,41.35,14.95,16.05,82.35,68.0,1018.725,1017.07,15.190000000000001,18.105
Walpole,11.584999999999999,18.905,4.1899999999999995,39.45,15.25,15.05,77.45,70.8,1020.325,1018.945,14.944999999999999,17.09
Walpole,14.725,24.634999999999998,0.43,36.35,15.05,18.2,68.95,64.45,1018.885,1017.305,19.884999999999998,22.32
Walpole,14.26,20.355,4.89,42.25,17.85,17.5,85.05,73.9,1015.1899999999999,1014.085,16.9,18.785
Walpole,15.069999999999999,22.185,1.92,38.15,15.55,17.65,79.85,75.7,1018.78,1017.095,18.805,20.085
Walpole,12.959999999999999,22.39,0.29,38.45,14.3,18.6,67.1,64.6,1018.25,1016.5600000000001,18.405,19.905
Walpole,13.469999999999999,22.244999999999997,1.6300000000000001,39.6,17.2,20.85,73.65,68.0,1018.3799999999999,1016.8100000000001,18.075,20.134999999999998
Walpole,13.280000000000001,24.015,0.38,38.55,14.95,20.2,64.55,60.55,1015.7299999999999,1014.365,19.445,21.425
Walpole,13.3,22.1,2.95,40.1,16.7,18.85,69.3,63.6,1015.135,1013.515,17.61,20.115000000000002
Walpole,16.03,25.9,1.15,37.8,15.95,19.0,69.8,59.45,1018.21,1016.6,20.73,23.865000000000002
Walpole,14.280000000000001,23.93,0.24,37.75,14.1,18.05,71.15,60.7,1019.1,1017.86,19.475,22.19
Walpole,12.61,22.615000000000002,1.2,41.05,14.5,17.15,70.15,64.35,1015.1700000000001,1013.78,17.925,20.020000000000003
Walpole,12.84,23.665,0.09,38.75,13.7,19.85,67.1,61.25,1016.9549999999999,1015.365,18.96,21.18
Walpole,9.33,16.955000000000002,6.0,41.65,15.85,16.4,83.5,73.4,1019.6700000000001,1018.3299999999999,12.209999999999999,15.15
Walpole,8.205,16.475,2.71,36.35,12.9,15.2,81.65,69.35,1019.54,1017.1049999999999,11.575,14.790000000000001
Walpole,10.68,18.925,2.7600000000000002,37.35,11.7,16.35,81.35,64.3,1016.905,1015.3,14.084999999999999,17.685
Walpole,11.690000000000001,19.785,1.94,37.55,12.35,15.45,78.6,68.1,1019.6600000000001,1017.65,15.434999999999999,18.06
Walpole,11.635,19.55,1.38,38.4,13.3,16.35,77.9,67.05,1017.4350000000001,1015.25,14.955000000000002,17.830000000000002
Walpole,13.330000000000002,22.134999999999998,0.75,38.95,12.8,18.0,72.1,62.5,1019.735,1017.8,16.98,20.075
Walpole,11.95,21.04,4.67,37.65,14.05,15.8,79.25,59.7,1018.625,1017.18,14.995,19.240000000000002
Walpole,13.99,25.05,0.33,37.3,12.75,19.05,73.3,59.0,1016.5799999999999,1015.0,18.869999999999997,22.965
Watsonia,8.525,19.375,1.56,41.65,12.1,16.85,75.95,51.65,1019.2299999999999,1016.325,13.385,18.195
Watsonia,8.940000000000001,21.66,1.1099999999999999,39.35,10.75,16.45,71.35,44.1,1020.3299999999999,1018.415,13.934999999999999,20.05
Watsonia,8.885,21.405,0.77,37.0,10.35,15.1,75.35,48.95,1020.28,1017.7299999999999,13.465,20.22
Watsonia,7.85,13.86,1.31,44.75,14.1,14.65,84.5,73.8,1013.6450000000001,1012.515,9.83,12.345
Watsonia,6.44,15.75,0.65,32.3,8.85,12.7,91.15,65.1,1025.1,1022.695,9.18,14.75
Watsonia,8.334999999999999,17.155,1.8699999999999999,40.65,11.25,14.65,81.0,61.7,1020.0600000000001,1018.2,11.385,15.89
Watsonia,11.045,22.535,0.8400000000000001,39.5,10.8,16.7,74.85,44.7,1017.4350000000001,1015.595,14.475,21.235
Watsonia,9.02,19.82,0.5,31.5,8.15,11.95,84.15,57.75,1023.9649999999999,1021.4649999999999,12.440000000000001,18.61
Watsonia,10.015,20.18,1.21,42.7,10.55,17.55,79.85,52.0,1018.4950000000001,1016.49,13.805000000000001,18.455000000000002
Watsonia,12.53,25.285,1.25,39.2,10.2,15.3,69.65,45.55,1013.325,1011.51,17.384999999999998,23.585
Watsonia,13.91,26.860000000000003,0.6900000000000001,41.35,9.85,16.65,71.7,44.2,1017.2450000000001,1015.3,17.835,24.985
Watsonia,13.594999999999999,25.21,2.54,42.75,11.95,15.55,73.25,50.3,1012.78,1010.9350000000001,17.294999999999998,23.494999999999997
Watsonia,9.305,20.005000000000003,1.54,42.05,11.85,15.75,76.05,49.9,1015.2950000000001,1013.11,13.5,18.825
Watsonia,8.99,19.509999999999998,0.67,42.75,13.55,19.2,67.3,60.1,1017.275,1015.6850000000001,14.184999999999999,17.565
Watsonia,9.51,17.975,2.21,41.85,13.5,16.05,80.05,61.35,1015.6299999999999,1014.275,12.355,16.335
Watsonia,6.705,15.334999999999999,2.2800000000000002,34.4,10.85,12.85,89.3,64.15,1021.1899999999999,1019.4799999999999,9.379999999999999,14.555000000000001
Watsonia,6.095000000000001,14.684999999999999,0.66,40.0,11.5,16.65,81.9,60.15,1018.8100000000001,1016.25,9.07,13.615
Watsonia,8.01,16.619999999999997,2.02,35.55,9.9,15.05,86.45,64.9,1020.725,1018.85,10.27,15.255
Watsonia,12.87,25.4,0.76,37.1,8.35,16.25,77.25,44.0,1019.095,1016.7450000000001,16.06,24.04
Watsonia,11.89,22.509999999999998,1.02,36.8,9.15,11.5,76.85,57.5,1017.2700000000001,1015.325,15.670000000000002,20.88
Watsonia,9.355,20.44,2.04,37.45,9.1,15.2,79.15,49.75,1016.57,1014.9950000000001,13.294999999999998,19.1
Watsonia,13.77,26.605,0.9800000000000001,43.35,9.6,16.15,68.15,47.05,1013.55,1011.2950000000001,18.715,24.375
Watsonia,14.540000000000001,30.419999999999998,0.8400000000000001,43.5,11.5,17.85,58.95,39.85,1013.7450000000001,1012.32,20.345,26.97
Watsonia,13.625,27.525,0.26,41.55,12.3,16.15,63.2,39.8,1018.2,1015.95,17.83,25.764999999999997
Watsonia,8.865,17.165,3.8899999999999997,43.8,13.2,15.95,79.95,59.25,1013.345,1010.8950000000001,12.225,15.885
Watsonia,10.385,19.619999999999997,1.5,36.15,10.5,14.6,76.45,59.35,1017.275,1016.11,14.115,17.97
Watsonia,8.7,18.625,2.35,42.85,14.35,18.25,72.6,57.0,1015.905,1014.195,12.504999999999999,16.46
Watsonia,5.75,13.61,2.25,33.65,8.15,13.35,92.45,70.1,1017.21,1015.5450000000001,8.254999999999999,12.815000000000001
Watsonia,8.785,15.645,1.51,42.15,13.45,16.3,79.0,61.6,1018.8,1017.1049999999999,11.115,14.219999999999999
Watsonia,7.220000000000001,16.225,2.17,44.6,11.85,15.35,84.7,65.2,1019.3299999999999,1017.32,10.65,14.809999999999999
Watsonia,11.004999999999999,19.985,6.0600000000000005,36.5,11.6,13.65,87.8,58.45,1021.43,1019.4,13.615,18.785
Watsonia,6.275,18.77,0.82,24.5,6.75,9.45,93.0,60.05,1026.5,1024.2450000000001,9.385,16.994999999999997
Watsonia,8.645,19.095,1.4099999999999997,30.95,7.95,11.95,89.1,60.25,1018.5,1016.55,11.845,17.935
Watsonia,15.85,28.865,4.709999999999999,37.6,11.6,14.7,66.05,41.05,1011.4549999999999,1010.0,19.695,26.805
Watsonia,13.790000000000001,28.635,0.55,40.6,8.7,16.85,72.45,39.35,1016.07,1013.74,18.155,27.419999999999998
Watsonia,12.705,25.03,2.8,36.4,10.0,14.85,75.95,45.7,1016.5899999999999,1015.405,16.31,23.355
Watsonia,9.055,22.009999999999998,0.51,39.05,10.1,15.05,71.35,43.95,1024.335,1021.74,14.419999999999998,20.805
Watsonia,10.65,22.32,1.05,36.8,10.65,14.75,77.05,49.15,1020.075,1018.05,14.995,20.7
Watsonia,9.379999999999999,21.925,0.7999999999999999,39.4,8.85,16.15,78.8,54.15,1019.615,1017.74,14.155000000000001,20.2
Watsonia,6.1850000000000005,13.294999999999998,1.0,33.8,7.05,12.05,90.9,68.7,1022.8299999999999,1021.3399999999999,8.235,12.2
Watsonia,5.720000000000001,14.875,0.44000000000000006,30.8,9.85,12.05,89.05,61.15,1023.865,1021.415,8.49,13.905000000000001
Watsonia,7.55,15.084999999999999,1.27,41.65,11.6,15.8,84.15,61.95,1019.45,1017.49,10.33,13.75
Watsonia,14.930000000000001,26.49,0.9400000000000001,37.25,8.25,15.85,76.25,49.5,1017.54,1015.635,18.035,24.73
Watsonia,12.89,23.255,0.69,41.9,10.9,17.65,67.85,50.05,1017.8799999999999,1015.875,16.46,21.794999999999998
Watsonia,10.84,23.31,1.54,34.4,8.2,13.8,75.6,44.4,1020.5350000000001,1018.22,14.98,22.119999999999997
Watsonia,14.415000000000001,30.485000000000003,1.58,41.35,13.75,18.5,57.3,35.3,1015.2950000000001,1013.21,20.884999999999998,28.235000000000003
Watsonia,14.35,28.375,0.41,43.1,9.9,16.9,68.75,39.0,1013.35,1010.85,18.84,26.744999999999997
Watsonia,14.565000000000001,28.425,0.47000000000000003,40.15,8.7,14.95,68.4,42.8,1016.4399999999999,1013.5200000000001,19.025,26.82
Watsonia,14.080000000000002,26.53,5.24,42.55,10.7,17.8,63.75,48.85,1012.4200000000001,1011.7299999999999,19.435,24.075
Watsonia,9.665000000000001,19.785,1.39,43.0,12.1,18.1,71.85,50.1,1017.6299999999999,1016.14,13.49,18.335
Watsonia,10.57,21.855,1.72,40.7,11.35,17.95,74.7,54.5,1018.5,1017.32,15.169999999999998,20.4
Watsonia,13.09,23.575,3.2,28.95,8.05,11.7,84.4,58.5,1017.095,1015.14,15.620000000000001,22.240000000000002
Watsonia,14.8,27.814999999999998,3.8,43.7,9.85,18.55,72.1,46.7,1015.2450000000001,1013.525,18.945,25.910000000000004
Watsonia,12.16,25.155,2.2,39.15,11.6,17.45,73.35,47.1,1015.695,1013.485,16.259999999999998,24.03
Watsonia,6.56,16.3,2.02,31.1,8.0,11.8,89.2,61.15,1020.35,1018.28,9.33,15.2
Watsonia,8.125,21.115000000000002,0.35,31.5,8.2,15.15,78.75,54.1,1020.18,1018.3399999999999,11.945,19.009999999999998
Watsonia,8.98,19.195,1.6600000000000001,41.65,11.2,17.6,79.5,53.05,1016.36,1013.9950000000001,12.08,18.065
Watsonia,7.755,16.715,1.65,45.85,14.1,18.25,75.15,56.75,1013.725,1011.6049999999999,11.47,15.24
Watsonia,7.615,15.775,1.7,42.2,12.85,17.1,82.45,62.8,1013.1899999999999,1010.6450000000001,10.39,14.544999999999998
Watsonia,6.36,15.819999999999999,1.7100000000000002,43.6,12.4,18.2,81.85,58.6,1018.2299999999999,1016.015,9.59,14.825
Watsonia,5.7,14.425,2.66,35.9,10.15,14.55,92.65,69.5,1020.75,1018.68,8.42,13.495
Watsonia,4.95,14.165000000000001,1.5699999999999998,32.1,8.75,12.1,90.7,63.7,1018.57,1015.6299999999999,7.289999999999999,13.165000000000001
Watsonia,7.875,15.915000000000001,1.59,40.85,11.6,17.2,83.15,62.75,1019.0649999999999,1017.365,10.67,14.830000000000002
Watsonia,13.985,27.410000000000004,1.15,43.6,8.45,18.45,74.2,42.15,1020.32,1017.9649999999999,17.794999999999998,25.714999999999996
Williamtown,12.25,24.395,1.8800000000000001,41.55,16.35,24.05,64.25,53.8,1019.9399999999999,1017.4,19.215,22.425
Williamtown,16.619999999999997,28.560000000000002,1.31,45.1,17.9,25.8,66.15,53.65,1013.585,1011.075,22.865000000000002,26.355
Williamtown,12.120000000000001,23.22,3.5700000000000003,43.9,18.5,21.05,71.0,50.55,1020.3799999999999,1017.9,17.065,21.66
Williamtown,9.48,21.855,1.45,40.2,17.15,21.8,73.9,47.45,1021.65,1018.85,14.669999999999998,20.89
Williamtown,8.93,21.155,6.29,40.8,18.25,21.25,71.85,55.3,1023.6299999999999,1020.6200000000001,14.780000000000001,19.365000000000002
Williamtown,10.475,20.215,16.14,48.8,23.05,24.3,72.2,55.7,1021.0649999999999,1019.135,15.055000000000001,18.755000000000003
Williamtown,6.840000000000001,18.27,5.68,40.2,16.4,20.7,76.1,53.35,1025.205,1022.155,11.084999999999999,17.405
Williamtown,14.280000000000001,23.82,8.870000000000001,39.75,14.1,22.4,75.6,62.15,1019.135,1017.675,18.855,21.994999999999997
Williamtown,17.369999999999997,28.439999999999998,4.79,43.35,14.4,23.75,72.4,53.55,1015.695,1013.3,22.455,26.945
Williamtown,15.334999999999999,26.65,3.53,46.55,17.7,24.3,72.6,51.45,1016.0,1014.235,20.195,24.705000000000002
Williamtown,6.305,19.825,0.9800000000000001,38.7,16.3,21.8,62.75,43.2,1021.3,1018.165,12.969999999999999,18.505000000000003
Williamtown,10.629999999999999,27.044999999999998,1.7100000000000002,49.45,13.85,27.55,52.3,32.95,1016.735,1013.365,19.3,24.97
Williamtown,10.184999999999999,24.1,4.85,33.25,15.65,15.9,68.9,48.45,1022.14,1019.025,16.755000000000003,22.865000000000002
Williamtown,11.055,21.185,4.87,32.85,14.95,16.25,85.75,61.05,1020.6,1018.1299999999999,15.005,20.105
Williamtown,10.61,22.165,1.3900000000000001,37.25,15.15,19.4,71.5,50.65,1021.3549999999999,1018.0799999999999,15.684999999999999,21.11
Williamtown,17.134999999999998,28.419999999999998,2.67,41.45,18.3,25.6,63.35,49.6,1015.97,1013.9799999999999,22.955000000000002,26.72
Williamtown,13.069999999999999,23.525,6.74,35.6,14.1,20.4,76.7,57.75,1019.805,1017.4,18.07,22.259999999999998
Williamtown,13.55,25.915,10.96,45.05,14.1,24.65,67.55,49.9,1016.3950000000001,1014.2049999999999,20.259999999999998,24.28
Williamtown,15.45,27.57,1.64,45.2,17.4,25.75,64.5,50.0,1014.76,1012.775,21.215,25.34
Williamtown,14.23,26.835,0.07999999999999999,41.95,14.05,24.3,61.4,46.7,1016.945,1014.165,21.015,25.36
Williamtown,14.705000000000002,27.3,0.96,42.8,16.35,23.05,65.5,46.95,1014.3299999999999,1012.095,21.21,25.78
Williamtown,20.065,30.005000000000003,3.09,44.5,17.95,24.0,67.9,60.5,1012.575,1010.71,24.580000000000002,27.244999999999997
Williamtown,7.99,19.744999999999997,1.27,39.5,18.85,18.9,69.6,53.25,1023.1,1020.5049999999999,13.805000000000001,18.8
Williamtown,9.67,20.145,4.68,51.4,23.7,29.15,61.95,47.35,1015.335,1013.165,15.245,18.69
Williamtown,10.985,22.365000000000002,0.735,39.5,16.75,19.75,76.7,56.45,1020.22,1017.665,16.294999999999998,21.130000000000003
Williamtown,9.805,21.845,0.32999999999999996,35.15,17.55,19.2,75.6,51.95,1021.2549999999999,1018.695,15.044999999999998,20.59
Williamtown,11.22,19.759999999999998,10.66,36.55,16.2,17.75,85.65,68.95,1023.885,1022.03,14.415000000000001,18.494999999999997
Williamtown,19.1,29.089999999999996,4.04,46.3,14.15,24.6,76.55,59.05,1014.875,1012.79,22.85,27.18
Williamtown,15.125,24.994999999999997,4.4399999999999995,40.3,14.55,21.5,80.6,59.9,1019.4350000000001,1017.22,19.39,23.805
Williamtown,17.335,26.744999999999997,5.76,42.65,15.55,21.6,76.2,65.35,1017.485,1015.61,22.085,24.81
Williamtown,16.915,29.419999999999998,3.3300000000000005,43.95,12.85,24.2,66.75,47.55,1012.3950000000001,1009.72,23.07,27.82
Williamtown,17.875,29.005000000000003,7.725,42.65,15.8,22.3,71.2,55.65,1016.155,1013.885,22.835,27.02
Williamtown,7.705,21.15,3.15,42.3,16.05,23.05,64.9,45.25,1021.36,1017.9950000000001,15.015,19.89
Williamtown,13.64,25.4,2.7800000000000002,42.85,15.15,22.75,70.1,52.25,1021.4649999999999,1018.6850000000001,19.84,23.725
Williamtown,11.535,22.825,6.6800000000000015,42.0,20.0,23.2,70.0,51.1,1018.985,1016.25,17.015,21.765
Williamtown,8.254999999999999,20.925,0.17,39.9,19.6,18.05,68.05,47.6,1023.8549999999999,1020.4,13.77,19.975
Williamtown,9.334999999999999,21.294999999999998,1.07,42.3,21.1,18.75,69.3,47.95,1018.3799999999999,1015.65,14.34,19.759999999999998
Williamtown,18.36,29.675,0.22000000000000003,41.6,12.4,23.4,72.0,50.45,1017.525,1015.76,23.815,28.514999999999997
Williamtown,14.780000000000001,25.7,1.72,36.95,12.85,19.1,76.2,60.0,1021.135,1018.0799999999999,20.055,24.15
Williamtown,17.84,28.169999999999998,2.54,38.7,12.65,22.1,80.0,58.45,1015.53,1013.5049999999999,22.425,26.855
Williamtown,18.044999999999998,29.075,1.4499999999999997,39.9,14.4,22.95,74.25,55.7,1016.8799999999999,1014.8549999999999,22.48,27.65
Williamtown,16.725,30.075,2.33,41.95,15.8,23.8,67.1,45.9,1016.695,1014.15,22.765,28.25
Williamtown,15.455000000000002,27.439999999999998,1.45,45.15,15.0,24.65,72.0,51.35,1016.45,1013.78,21.259999999999998,26.15
Williamtown,18.225,27.580000000000002,2.0900000000000003,42.3,15.2,25.55,71.65,65.45,1015.375,1013.35,23.555,25.425
Williamtown,9.26,19.119999999999997,2.43,39.75,17.7,20.35,77.2,57.9,1021.875,1019.885,13.680000000000001,18.035
Williamtown,6.82,18.68,0.8,40.6,18.95,21.9,76.2,52.4,1022.2049999999999,1018.64,11.995000000000001,17.604999999999997
Williamtown,9.345,20.634999999999998,3.2,37.45,16.75,20.95,75.7,54.85,1020.6200000000001,1017.4549999999999,14.41,19.485
Williamtown,14.99,25.185,5.8100000000000005,41.05,15.55,21.35,77.5,56.65,1017.5450000000001,1014.925,19.555,23.755000000000003
Williamtown,9.205,20.185,3.34,36.3,16.85,16.4,82.4,65.3,1018.78,1016.1850000000001,14.030000000000001,18.669999999999998
Williamtown,15.6,25.645,7.730000000000001,40.3,14.2,21.5,84.3,65.75,1019.195,1016.825,19.825,24.11
Williamtown,12.05,22.869999999999997,2.56,35.95,19.1,18.45,76.15,56.3,1020.5899999999999,1018.1,17.36,21.695
Williamtown,15.680000000000001,26.085,5.04,42.95,17.7,23.35,71.2,59.0,1016.1700000000001,1014.0649999999999,21.225,24.275
Williamtown,16.97,30.01,0.35,42.4,13.65,24.8,70.9,51.2,1014.82,1012.1299999999999,22.815,28.330000000000002
Williamtown,18.325,26.964999999999996,11.580000000000002,43.45,16.7,25.7,80.0,65.65,1013.835,1011.985,21.544999999999998,25.125
Williamtown,9.125,22.66,1.3699999999999999,48.85,20.35,24.0,52.2,39.05,1017.0200000000001,1013.93,16.515,21.205000000000002
Williamtown,9.735,22.94,3.66,45.8,17.85,25.6,67.7,46.75,1016.29,1013.24,16.43,21.32
Williamtown,8.165000000000001,20.740000000000002,3.4299999999999997,45.3,22.8,23.2,60.65,42.4,1014.26,1011.015,14.475,19.45
Williamtown,6.58,17.895000000000003,1.37,38.2,17.0,19.15,77.75,52.8,1020.9,1018.04,11.575,16.915
Williamtown,6.65,18.185,1.48,40.3,20.5,20.4,74.2,49.4,1019.8399999999999,1017.415,11.879999999999999,17.235
Williamtown,11.975,22.880000000000003,3.04,37.05,19.0,20.7,70.8,57.5,1020.365,1017.8700000000001,17.095,21.419999999999998
Williamtown,7.409999999999999,18.185,5.71,42.9,19.9,19.45,76.95,53.55,1020.375,1017.65,11.475,16.759999999999998
Williamtown,14.794999999999998,23.275,3.21,39.1,17.85,23.7,70.95,59.25,1016.7700000000001,1015.0799999999999,19.11,22.185
Williamtown,17.855,27.810000000000002,8.309999999999999,44.1,15.2,22.8,72.85,60.15,1014.22,1012.3950000000001,22.43,25.97
Williamtown,15.705000000000002,26.0,7.110000000000001,44.35,18.5,24.15,69.15,52.05,1016.11,1014.1899999999999,20.575,24.41
Witchcliffe,11.635,22.725,1.97,42.35,16.2,20.95,60.05,54.5,1015.155,1013.78,18.69,20.625
Witchcliffe,10.545,21.075,2.58,39.6,14.4,19.55,69.8,59.2,1016.99,1015.4100000000001,16.39,19.27
Witchcliffe,13.944999999999999,27.75,0.47000000000000003,39.05,16.05,20.55,59.0,48.45,1015.07,1013.22,21.565,25.5
Witchcliffe,15.52,28.47,0.36,47.7,19.95,24.35,57.2,48.65,1014.055,1012.095,22.294999999999998,25.78
Witchcliffe,13.45,25.335,0.38,42.75,18.5,23.65,59.4,53.3,1014.9649999999999,1013.4100000000001,20.615000000000002,22.975
Witchcliffe,12.434999999999999,24.48,0.95,47.4,20.1,26.0,55.7,49.0,1014.7549999999999,1012.82,19.294999999999998,22.155
Witchcliffe,11.175,25.619999999999997,1.1400000000000001,40.8,18.5,18.95,53.3,48.05,1018.0799999999999,1016.0049999999999,20.095,23.130000000000003
Witchcliffe,9.995000000000001,20.235,2.6100000000000003,39.3,14.45,18.55,71.5,60.75,1018.57,1017.575,16.275,18.25
Witchcliffe,9.26,18.91,4.9799999999999995,44.5,14.85,21.0,67.8,59.4,1021.275,1020.0,14.91,17.155
Witchcliffe,10.405,17.765,8.33,48.5,17.75,20.95,75.95,66.0,1014.07,1013.075,14.044999999999998,15.84
Witchcliffe,10.370000000000001,18.355,5.970000000000001,42.8,16.75,16.95,74.4,71.65,1016.8799999999999,1015.765,14.790000000000001,16.085
Witchcliffe,9.120000000000001,17.36,10.440000000000001,39.4,12.1,15.05,87.55,72.75,1020.095,1018.49,13.280000000000001,15.834999999999999
Witchcliffe,9.445,18.634999999999998,10.5,43.7,13.55,17.8,79.6,64.55,1020.1,1018.0699999999999,14.155000000000001,17.225
Witchcliffe,11.345,22.96,0.67,45.55,17.75,23.75,64.55,53.7,1017.7549999999999,1015.9549999999999,17.73,20.525
Witchcliffe,9.934999999999999,18.075,6.2,48.75,20.05,19.3,73.3,65.65,1014.9350000000001,1014.2149999999999,15.069999999999999,15.940000000000001
Witchcliffe,14.64,24.935,3.71,43.2,17.45,22.4,58.7,55.8,1014.7549999999999,1014.01,20.565,21.675
Witchcliffe,11.05,23.675,1.2899999999999998,42.95,17.8,22.55,59.65,51.75,1018.0350000000001,1016.805,18.735,21.285
Witchcliffe,11.705,24.27,1.52,34.5,14.0,18.15,66.85,55.9,1015.95,1014.475,19.06,21.935
Witchcliffe,11.85,21.93,4.61,36.05,13.2,15.8,78.2,62.5,1017.5,1015.925,17.025,20.365000000000002
Witchcliffe,13.315000000000001,24.955000000000002,2.15,38.55,14.35,19.9,70.05,52.15,1018.36,1016.7450000000001,18.68,22.905
Witchcliffe,10.084999999999999,19.305,3.56,43.65,16.65,18.2,67.3,60.1,1016.75,1015.6049999999999,15.495,17.2
Witchcliffe,9.504999999999999,16.105,8.95,52.55,19.8,21.05,70.25,62.55,1011.8299999999999,1011.14,12.51,14.180000000000001
Witchcliffe,8.775,17.34,6.88,47.05,14.9,20.15,76.05,64.75,1018.0799999999999,1016.2299999999999,12.865,15.64
Witchcliffe,11.23,22.35,1.7,39.9,15.6,17.75,62.3,57.2,1015.8149999999999,1014.655,18.305,19.965
Witchcliffe,8.995000000000001,18.485,2.9,43.0,15.55,20.3,71.9,63.0,1019.4100000000001,1018.0799999999999,14.530000000000001,16.380000000000003
Witchcliffe,11.36,22.2,4.0600000000000005,42.9,14.25,19.9,74.65,54.65,1016.1450000000001,1014.76,15.459999999999999,20.7
Witchcliffe,13.330000000000002,25.029999999999998,0.30000000000000004,35.7,14.05,17.45,70.65,50.7,1015.26,1013.8399999999999,18.130000000000003,23.405
Witchcliffe,13.280000000000001,25.794999999999998,0.31999999999999995,40.1,13.7,19.65,63.5,48.15,1017.365,1015.945,18.7,24.005000000000003
Witchcliffe,8.855,18.23,8.959999999999999,45.9,13.85,18.1,74.7,64.9,1014.6600000000001,1013.32,13.51,16.05
Witchcliffe,11.095,23.445,0.18,35.95,11.8,18.85,75.6,56.1,1021.3399999999999,1019.0649999999999,16.44,21.365000000000002
Witchcliffe,8.575,20.490000000000002,2.3200000000000003,33.75,9.5,14.75,76.0,58.7,1022.1899999999999,1020.6899999999999,14.85,18.83
Witchcliffe,7.44,17.415,5.6,37.05,10.5,15.3,83.4,69.0,1021.9950000000001,1020.21,12.53,15.780000000000001
Witchcliffe,9.65,18.740000000000002,7.8100000000000005,38.9,10.8,15.95,78.9,63.0,1017.3700000000001,1015.8399999999999,13.834999999999999,17.175
Witchcliffe,7.415000000000001,18.935,1.92,37.6,13.9,18.0,67.05,56.6,1024.155,1022.335,14.440000000000001,17.145
Witchcliffe,7.575,17.384999999999998,5.46,44.05,12.45,18.8,85.8,67.8,1020.45,1019.0450000000001,12.629999999999999,15.55
Witchcliffe,9.57,20.794999999999998,5.95,38.15,13.0,18.5,68.1,59.5,1017.4399999999999,1016.1299999999999,16.41,18.72
Witchcliffe,13.735,26.880000000000003,0.030000000000000006,45.75,18.05,23.8,58.55,50.85,1015.74,1014.155,21.009999999999998,24.345
Witchcliffe,11.445,25.255000000000003,0.02,41.35,17.4,22.85,53.0,47.85,1018.28,1016.7850000000001,20.2,23.175
Witchcliffe,13.41,25.145,0.5800000000000001,37.2,14.05,19.6,72.6,52.95,1016.95,1015.335,19.705000000000002,23.095
Witchcliffe,14.415000000000001,26.660000000000004,0.16,37.25,14.0,18.15,67.8,54.5,1017.3299999999999,1015.5600000000001,20.744999999999997,24.494999999999997
Witchcliffe,14.594999999999999,25.35,1.2799999999999998,43.6,18.25,22.65,66.85,53.35,1016.4,1014.735,19.435,23.134999999999998
Witchcliffe,11.2,19.61,5.64,41.35,12.4,17.25,78.9,58.1,1017.89,1016.96,15.34,18.244999999999997
Witchcliffe,14.115,25.175,0.7,37.6,15.05,21.1,75.2,56.3,1019.3100000000001,1017.4549999999999,18.59,22.994999999999997
Witchcliffe,8.53,16.14,8.65,46.45,13.7,19.75,78.35,69.95,1017.79,1016.1299999999999,12.49,14.430000000000001
Witchcliffe,9.535,16.725,7.32,44.65,14.3,19.4,84.25,71.7,1019.2700000000001,1017.4399999999999,12.645,15.209999999999999
Witchcliffe,9.68,19.575,3.8300000000000005,41.75,14.6,17.75,76.75,66.6,1019.405,1017.805,14.495,17.134999999999998
Witchcliffe,11.934999999999999,24.915,0.74,40.65,17.35,22.05,56.2,49.85,1015.5649999999999,1014.4399999999999,20.21,22.09
Witchcliffe,11.22,22.8,0.25999999999999995,36.8,16.35,19.15,68.5,58.75,1018.6700000000001,1016.985,18.065,20.665
Witchcliffe,14.305000000000001,26.830000000000002,0.07999999999999999,43.35,18.65,24.55,61.4,50.85,1018.01,1015.975,20.85,24.57
Witchcliffe,13.805000000000001,27.96,0.18,40.95,15.6,23.0,59.3,51.0,1016.9399999999999,1015.2549999999999,21.3,24.65
Witchcliffe,13.85,24.4,1.21,43.15,17.55,23.0,64.0,52.9,1016.79,1015.11,19.425,22.23
Witchcliffe,10.705,22.71,3.3600000000000003,39.5,14.95,19.6,70.9,55.15,1020.4,1017.89,16.61,21.14
Witchcliffe,13.9,24.97,0.9099999999999999,42.85,19.15,22.5,66.45,53.8,1016.875,1015.2450000000001,18.89,22.75
Witchcliffe,11.205,22.82,2.48,34.85,13.3,18.65,76.5,59.75,1020.2700000000001,1018.05,16.68,21.21
Witchcliffe,12.955000000000002,23.735,1.0,40.15,13.9,21.3,78.9,58.1,1020.7049999999999,1019.025,17.775,22.345
Witchcliffe,10.32,20.1,4.26,43.0,13.55,19.3,79.85,64.65,1018.1,1016.175,14.834999999999999,18.134999999999998
Witchcliffe,8.495000000000001,18.915,3.0700000000000003,42.0,15.3,20.2,65.15,56.1,1018.3700000000001,1017.35,15.3,17.325
Witchcliffe,8.1,15.7,5.66,43.9,15.75,20.2,75.6,66.5,1018.49,1016.95,12.1,14.080000000000002
Witchcliffe,10.83,21.990000000000002,2.02,43.0,16.6,21.95,62.5,56.05,1014.845,1013.1299999999999,17.18,19.825
Witchcliffe,12.155,25.96,0.6199999999999999,39.75,16.8,21.6,56.15,43.1,1014.2299999999999,1012.445,19.84,24.04
Witchcliffe,11.254999999999999,22.65,1.77,41.7,16.15,22.35,57.45,55.3,1016.9200000000001,1016.2950000000001,18.580000000000002,20.05
Witchcliffe,10.89,17.515,7.42,41.3,14.05,17.2,80.5,71.15,1020.655,1019.05,14.319999999999999,16.25
Witchcliffe,11.355,20.880000000000003,2.14,35.3,11.0,18.6,80.6,63.05,1018.515,1017.335,16.605,18.805
Witchcliffe,10.809999999999999,19.369999999999997,4.8100000000000005,40.5,11.25,17.6,80.25,61.0,1018.6600000000001,1017.18,15.125,17.875
Wollongong,11.61,17.165,5.32,45.3,18.65,19.25,67.55,66.5,1021.155,1019.2549999999999,14.105,15.809999999999999
Wollongong,13.6,19.86,5.15,47.4,16.0,20.9,64.8,61.8,1018.8399999999999,1016.8700000000001,16.895,18.75
Wollongong,12.25,19.625,1.8199999999999998,39.5,13.5,20.65,65.45,56.4,1021.53,1019.3299999999999,16.134999999999998,18.705000000000002
Wollongong,12.595,20.740000000000002,0.36,48.7,16.7,23.35,56.0,59.95,1014.93,1011.9399999999999,17.07,18.285
Wollongong,10.93,18.55,4.13,55.05,21.65,27.1,59.3,54.0,1017.615,1015.775,14.540000000000001,17.19
Wollongong,11.434999999999999,19.605,0.7100000000000001,46.6,14.55,21.55,54.6,56.45,1018.75,1015.195,15.535,17.835
Wollongong,16.35,22.655,5.36,48.2,22.35,23.25,70.95,71.75,1015.825,1014.1700000000001,19.65,19.825
Wollongong,14.459999999999999,20.619999999999997,3.18,50.15,19.0,27.3,70.55,68.3,1019.05,1016.85,17.794999999999998,19.365000000000002
Wollongong,14.165000000000001,19.77,5.1899999999999995,56.5,21.2,25.8,61.5,60.0,1018.8549999999999,1016.93,16.884999999999998,18.425
Wollongong,18.740000000000002,24.544999999999998,2.48,40.4,16.45,21.05,67.55,67.9,1013.9950000000001,1012.5200000000001,21.525,23.19
Wollongong,17.59,23.69,2.98,47.05,16.65,25.35,76.15,71.25,1016.9350000000001,1015.1899999999999,20.255000000000003,21.985
Wollongong,18.615000000000002,25.53,0.85,55.1,17.75,26.4,70.9,62.75,1013.075,1011.14,21.740000000000002,24.055
Wollongong,11.43,18.59,5.109999999999999,58.25,25.45,23.05,57.5,51.05,1015.2700000000001,1013.26,15.169999999999998,17.240000000000002
Wollongong,10.6,17.4,0.44000000000000006,44.15,16.65,19.55,63.75,63.6,1021.8700000000001,1019.4799999999999,14.235,15.91
Wollongong,10.48,16.740000000000002,3.72,46.95,17.05,19.15,59.95,57.35,1021.945,1020.05,13.375,15.559999999999999
Wollongong,16.765,23.325,8.83,47.35,16.15,23.9,76.9,74.8,1014.26,1011.4950000000001,19.9,21.465
Wollongong,15.895,21.044999999999998,2.2600000000000002,43.35,14.1,21.65,73.8,73.5,1019.4950000000001,1017.515,18.75,19.565
Wollongong,13.879999999999999,19.965,7.0,46.45,20.45,20.5,73.75,70.7,1017.615,1015.4100000000001,16.53,18.325
Wollongong,18.075,23.529999999999998,2.63,48.8,19.35,29.2,74.85,74.45,1016.915,1015.195,21.035,21.785
Wollongong,16.77,24.695,2.8499999999999996,44.05,15.75,20.45,68.5,65.25,1016.7700000000001,1014.425,20.665,22.605
Wollongong,17.244999999999997,24.59,0.32999999999999996,48.95,18.75,24.75,76.45,68.8,1016.1,1013.4950000000001,20.48,23.05
Wollongong,14.13,21.490000000000002,3.07,45.0,15.9,22.1,62.65,54.85,1020.235,1017.9350000000001,18.085,20.44
Wollongong,16.875,22.275,8.45,50.4,21.55,25.55,77.15,75.75,1019.235,1018.14,19.369999999999997,20.8
Wollongong,16.93,23.27,7.159999999999999,42.7,14.15,24.1,73.8,69.45,1023.135,1020.8100000000001,19.69,22.115000000000002
Wollongong,13.290000000000001,19.47,1.6600000000000001,41.1,17.0,17.6,62.2,63.4,1016.4399999999999,1014.0899999999999,16.975,18.175
Wollongong,12.1,19.945,0.33999999999999997,49.4,20.3,25.2,54.45,53.3,1015.43,1012.5799999999999,16.259999999999998,18.41
Wollongong,13.540000000000001,22.95,0.2,60.0,21.25,24.6,50.8,45.45,1013.46,1010.9200000000001,17.805,21.119999999999997
Wollongong,11.76,18.380000000000003,18.869999999999997,58.2,17.6,21.15,62.7,51.7,1015.5649999999999,1012.86,14.955000000000002,17.375
Wollongong,10.84,17.53,5.11,43.35,17.4,18.75,63.0,55.85,1021.2299999999999,1019.585,13.87,16.619999999999997
Wollongong,11.43,18.165,1.3900000000000001,48.8,17.05,18.55,60.0,52.75,1017.75,1015.2549999999999,14.575,17.345
Wollongong,17.955000000000002,23.475,9.82,51.25,19.9,28.3,76.15,71.3,1018.3,1016.4649999999999,20.575,22.34
Wollongong,16.53,22.36,9.1,39.9,15.2,20.1,78.0,68.9,1020.24,1017.8950000000001,19.485,21.255000000000003
Wollongong,14.13,20.85,0.44000000000000006,39.4,16.35,20.9,59.9,58.8,1021.165,1018.97,17.695,19.505000000000003
Wollongong,18.544999999999998,27.169999999999998,0.64,46.85,17.45,22.3,65.5,64.45,1013.05,1010.9950000000001,22.845,24.0
Wollongong,18.97,25.044999999999998,1.7899999999999998,45.35,17.85,19.85,68.2,71.9,1013.57,1011.9,22.205000000000002,22.845
Wollongong,20.07,26.575,0.85,45.1,17.95,20.35,70.85,69.0,1013.095,1011.6299999999999,22.975,24.185
Wollongong,14.715,22.115000000000002,1.5699999999999998,42.7,15.85,23.45,67.65,69.0,1025.025,1022.2850000000001,18.56,20.075
Wollongong,15.025,22.61,4.7700000000000005,45.4,16.9,24.6,64.3,65.0,1020.7450000000001,1018.28,18.915,20.67
Wollongong,16.3,21.975,3.8199999999999994,45.05,16.6,21.9,74.0,74.05,1018.335,1016.555,19.384999999999998,19.95
Wollongong,9.67,16.405,0.26999999999999996,38.35,13.0,15.85,63.95,58.8,1023.6850000000001,1021.7299999999999,12.85,15.37
Wollongong,10.99,17.155,12.86,45.4,18.5,21.85,64.75,61.45,1021.0600000000001,1018.8100000000001,13.985,16.130000000000003
Wollongong,10.5,18.580000000000002,0.16,49.9,15.85,20.05,52.55,46.0,1018.76,1015.945,14.615,17.509999999999998
Wollongong,17.39,22.8,2.82,41.4,17.1,21.75,69.9,72.05,1019.5049999999999,1017.135,19.82,21.380000000000003
Wollongong,16.765,23.295,2.06,42.55,11.6,20.6,65.65,64.55,1018.675,1016.1,20.255000000000003,22.044999999999998
Wollongong,15.615,22.43,0.58,40.2,13.55,19.5,65.4,67.15,1020.595,1017.9,19.445,21.0
Wollongong,17.785,24.904999999999998,2.9299999999999997,36.85,12.85,18.4,76.0,69.6,1017.5899999999999,1015.53,21.28,22.78
Wollongong,19.325,25.080000000000002,0.22000000000000003,43.7,15.5,20.4,74.9,72.8,1017.2450000000001,1015.28,22.240000000000002,23.330000000000002
Wollongong,19.869999999999997,25.155,5.65,46.3,15.4,21.5,74.85,73.4,1012.695,1011.0899999999999,22.595,23.865000000000002
Wollongong,15.205000000000002,21.575,7.83,48.1,19.15,25.95,67.1,70.4,1015.6600000000001,1014.305,19.03,20.055
Wollongong,16.43,24.81,0.64,51.5,18.0,28.8,57.15,58.45,1012.68,1010.175,20.825,22.509999999999998
Wollongong,15.194999999999999,23.875,0.26,49.1,18.7,27.55,54.05,56.35,1017.415,1015.405,19.94,21.380000000000003
Wollongong,18.61,23.73,4.319999999999999,37.9,13.15,20.65,79.55,75.95,1018.6049999999999,1017.095,21.095,22.47
Wollongong,18.384999999999998,24.630000000000003,3.5200000000000005,41.8,15.0,23.9,70.55,69.8,1016.725,1014.65,21.365000000000002,22.89
Wollongong,18.21,23.335,1.1300000000000001,43.65,17.3,26.55,77.85,71.25,1018.405,1016.555,20.85,22.36
Wollongong,12.25,18.945,0.52,41.0,18.75,20.0,65.15,62.75,1019.385,1017.0600000000001,15.665000000000001,17.29
Wollongong,12.735,19.009999999999998,13.569999999999999,40.75,14.0,16.55,70.25,68.2,1021.4,1019.3700000000001,15.985,17.705000000000002
Wollongong,12.66,19.615000000000002,0.06,46.55,15.7,21.3,56.5,55.0,1020.8700000000001,1018.445,16.41,18.125
Wollongong,13.145,20.369999999999997,4.01,43.5,14.15,16.8,61.55,62.45,1016.9799999999999,1014.53,17.009999999999998,18.83
Wollongong,12.515,21.145,0.09,48.25,17.45,21.4,53.4,45.6,1016.155,1014.07,16.990000000000002,19.56
Wollongong,11.629999999999999,19.89,0.12,54.25,15.8,20.9,52.65,49.2,1015.1,1012.425,15.635,18.475
Wollongong,18.169999999999998,23.07,5.64,47.8,19.45,22.3,75.6,76.6,1014.6,1012.585,20.835,21.244999999999997
Wollongong,16.105,23.035,4.5,49.55,16.55,21.15,70.45,70.6,1013.7299999999999,1011.3950000000001,19.565,20.835
Wollongong,15.145,21.130000000000003,0.7,43.85,16.6,23.95,71.45,68.15,1020.36,1018.5,18.25,19.655
Wollongong,18.77,24.375,1.9300000000000002,41.6,14.3,22.8,74.1,71.35,1016.1850000000001,1014.2950000000001,21.28,22.985
Woomera,9.955,23.455000000000002,0.25,43.7,24.85,22.95,44.7,23.45,1021.925,1018.7,16.4,22.555
Woomera,12.695,29.03,0.0,45.35,21.9,22.6,32.25,14.2,1019.9649999999999,1016.765,19.759999999999998,27.375
Woomera,14.184999999999999,30.505000000000003,0.32999999999999996,48.7,23.9,22.1,35.2,13.35,1018.845,1015.7950000000001,20.145,28.9
Woomera,7.2700000000000005,18.07,0.1,41.1,16.95,24.2,76.7,47.65,1023.765,1021.2299999999999,10.8,17.275
Woomera,9.92,21.57,0.26,38.75,16.9,20.25,64.65,36.55,1022.6049999999999,1020.0600000000001,14.330000000000002,20.380000000000003
Woomera,4.885,17.35,0.11000000000000001,40.0,16.5,20.65,60.15,34.25,1024.09,1021.5649999999999,9.565000000000001,16.4
Woomera,16.06,28.875,0.0,44.8,21.95,21.9,40.45,22.3,1017.5649999999999,1015.5649999999999,19.79,27.47
Woomera,13.719999999999999,25.265,0.02,39.7,19.55,19.15,65.1,31.05,1020.78,1018.5,16.34,24.18
Woomera,9.23,20.39,0.0,40.6,19.8,22.3,60.8,35.5,1026.0549999999998,1023.1850000000001,13.86,19.475
Woomera,19.535,32.845,4.12,47.0,21.7,21.9,45.45,28.65,1011.2549999999999,1008.655,23.945,31.189999999999998
Woomera,18.380000000000003,33.19,0.6,44.4,23.75,19.6,50.85,23.95,1012.575,1010.21,22.225,30.85
Woomera,19.009999999999998,34.81,0.0,48.4,24.45,19.25,44.15,15.15,1014.8950000000001,1012.665,22.97,33.1
Woomera,12.559999999999999,27.744999999999997,0.04,48.6,21.25,24.0,44.8,20.3,1015.6899999999999,1011.9549999999999,19.169999999999998,26.595
Woomera,11.379999999999999,25.885,0.09,49.85,21.3,23.55,44.35,20.8,1020.135,1017.135,17.65,24.8
Woomera,12.575,27.75,0.01,47.4,25.1,22.75,35.4,13.1,1020.655,1017.8700000000001,18.09,25.95
Woomera,8.545,19.57,0.41,40.3,17.85,22.9,70.7,35.25,1019.25,1016.6049999999999,12.24,18.815
Woomera,10.120000000000001,19.185,1.8699999999999999,37.55,16.95,18.95,74.95,46.3,1022.885,1020.7,12.86,18.4
Woomera,6.805,18.315,1.3400000000000003,41.35,16.4,24.15,75.7,43.8,1022.4200000000001,1019.5600000000001,10.49,17.509999999999998
Woomera,13.094999999999999,26.139999999999997,0.0,40.95,19.6,19.55,57.15,27.05,1020.4649999999999,1017.82,16.8,24.98
Woomera,18.19,31.625,0.82,48.2,22.0,22.5,54.35,24.4,1014.72,1012.4350000000001,21.145,29.95
Woomera,12.165000000000001,23.375,0.76,37.2,17.0,17.25,67.75,38.95,1020.865,1018.155,16.125,22.580000000000002
Woomera,19.18,31.49,1.6,45.95,21.85,20.95,47.15,30.15,1014.7549999999999,1012.49,23.94,30.089999999999996
Woomera,17.375,33.39,0.02,47.5,24.9,21.9,32.8,16.25,1013.9,1011.21,23.225,31.0
Woomera,23.740000000000002,39.81,0.18,51.85,25.05,21.1,32.85,13.95,1010.82,1008.6299999999999,28.415,37.894999999999996
Woomera,14.475,29.919999999999998,0.0,49.95,22.7,22.15,44.3,21.25,1018.01,1014.7850000000001,19.855,28.4
Woomera,8.905,22.37,0.625,53.05,27.3,30.2,49.35,26.8,1016.4399999999999,1014.265,14.694999999999999,20.68
Woomera,14.8,31.025,0.02,51.45,25.75,22.8,39.85,20.7,1015.865,1013.47,20.759999999999998,29.1
Woomera,10.615,25.38,1.0050000000000001,45.1,21.55,23.65,55.05,25.7,1016.97,1013.86,15.930000000000001,24.125
Woomera,7.015000000000001,15.815000000000001,2.68,35.35,12.45,17.9,83.05,51.95,1022.865,1020.2949999999998,9.93,15.055000000000001
Woomera,9.84,21.405,0.42000000000000004,45.7,22.5,26.3,57.7,32.3,1018.945,1015.93,14.209999999999999,20.22
Woomera,8.32,21.119999999999997,0.6900000000000001,41.95,18.4,21.55,58.55,30.2,1021.9649999999999,1019.14,12.99,20.215
Woomera,13.209999999999999,25.805,0.48999999999999994,34.95,17.55,16.1,49.15,30.8,1023.2049999999999,1020.04,18.945,24.785
Woomera,7.334999999999999,20.075,0.01,31.05,15.1,14.45,63.3,34.05,1028.4,1025.69,11.925,19.25
Woomera,13.115,24.78,0.53,39.0,16.45,19.9,61.8,35.4,1017.99,1015.54,16.815,23.765
Woomera,20.54,34.58,2.5599999999999996,48.7,24.85,20.7,52.55,33.0,1011.5649999999999,1009.6600000000001,24.785,32.53
Woomera,18.46,32.805,0.23499999999999996,46.1,22.1,20.25,51.3,25.05,1014.0200000000001,1011.675,22.11,30.96
Woomera,17.5,32.44,0.0,45.4,20.85,20.0,48.55,21.85,1015.6200000000001,1013.29,21.740000000000002,30.764999999999997
Woomera,10.945,26.645,0.0,44.3,22.25,19.8,33.65,14.55,1025.45,1022.22,18.285,25.5
Woomera,14.39,28.29,0.1,43.25,22.9,20.1,43.3,20.85,1020.9350000000001,1018.1450000000001,19.634999999999998,26.925
Woomera,16.575,29.345,0.32,47.45,24.15,23.8,49.9,33.5,1016.915,1014.49,20.54,27.880000000000003
Woomera,5.715,16.64,0.06000000000000001,40.6,17.85,23.4,73.2,42.05,1025.34,1023.025,9.445,15.809999999999999
Woomera,9.105,19.375,0.12000000000000002,39.65,17.4,21.2,66.05,42.15,1023.0450000000001,1020.095,12.405,18.445
Woomera,5.63,17.475,0.12,40.3,16.3,22.6,70.65,35.05,1025.9850000000001,1023.375,10.11,16.6
Woomera,14.569999999999999,28.060000000000002,0.05,38.85,21.0,17.45,50.55,25.35,1020.8549999999999,1017.9799999999999,18.975,26.79
Woomera,14.865,26.169999999999998,0.575,38.4,18.4,17.5,61.15,33.85,1018.5200000000001,1016.055,17.735,24.69
Woomera,11.684999999999999,23.045,1.22,42.25,16.75,23.2,63.45,36.25,1018.7299999999999,1015.75,15.944999999999999,22.2
Woomera,19.47,33.6,0.6599999999999999,51.7,23.45,23.75,39.75,19.35,1016.2299999999999,1014.22,24.05,31.885
Woomera,22.355,37.685,0.02,52.3,19.55,19.65,30.4,20.2,1012.8399999999999,1010.26,28.24,35.839999999999996
Woomera,18.94,35.105000000000004,0.0,48.35,22.7,20.45,49.7,18.3,1014.01,1011.25,22.525,33.11
Woomera,12.89,24.655,0.030000000000000006,37.85,14.9,15.15,59.3,33.75,1020.2950000000001,1017.6200000000001,17.645,23.69
Woomera,12.684999999999999,23.365000000000002,2.43,33.95,12.75,15.2,65.25,39.7,1020.485,1017.915,16.94,22.315
Woomera,6.915000000000001,17.080000000000002,0.08,32.0,10.8,16.05,78.1,42.8,1026.325,1023.945,10.72,16.435
Woomera,17.005,29.169999999999998,1.06,44.1,18.95,20.25,56.1,33.05,1015.25,1012.8549999999999,20.435,27.439999999999998
Woomera,19.985,35.459999999999994,0.19,49.5,21.4,18.35,36.85,17.0,1013.74,1011.3,24.98,33.6
Woomera,17.465,30.99,0.01,42.6,18.0,16.9,46.7,24.95,1020.6700000000001,1018.2049999999999,21.06,29.35
Woomera,14.955000000000002,27.645,1.3299999999999998,48.4,21.8,20.4,51.7,30.25,1016.35,1013.865,18.61,25.875
Woomera,11.959999999999999,24.855,0.9200000000000002,41.25,17.8,16.6,54.8,27.8,1020.4799999999999,1018.055,16.525,23.259999999999998
Woomera,16.71,29.905,1.31,48.3,19.2,21.9,47.9,24.45,1010.85,1008.415,21.095,28.23
Woomera,10.709999999999999,22.915,0.15,43.0,16.55,17.35,61.35,35.0,1020.4549999999999,1017.85,15.094999999999999,21.47
Woomera,5.465,16.585,0.5700000000000001,36.5,10.85,18.2,76.1,37.95,1025.28,1022.905,9.51,15.825
Woomera,9.1,20.75,0.18,43.65,18.8,20.65,61.8,36.8,1021.6850000000001,1018.6899999999999,14.219999999999999,19.235
Woomera,10.45,21.884999999999998,2.3,42.2,16.85,21.4,64.15,37.05,1018.6850000000001,1016.135,14.865,20.994999999999997
Woomera,11.86,24.494999999999997,0.01,36.25,16.2,14.8,58.95,30.8,1022.075,1019.3549999999999,16.505000000000003,23.39
Woomera,8.77,20.979999999999997,0.38,40.9,15.5,18.9,62.05,36.4,1016.5600000000001,1014.2,13.025,19.725
